granule,row,col,label,timestamp
025_091,27996,31260,none,2026-09-01T17:39:48.507449+00:00
025_091,26460,19484,none,2026-09-01T17:39:48.507469+00:00
025_091,53084,28188,crevasse,2026-09-01T17:39:48.507476+00:00
025_091,59740,34844,none,2026-09-01T17:39:48.507480+00:00
025_091,60764,24092,crevasse,2026-09-01T17:39:48.507508+00:00
025_091,21852,21532,none,2026-09-01T17:39:48.507515+00:00
025_091,55132,26140,crevasse,2026-09-01T17:39:48.507518+00:00
025_091,55132,38428,none,2026-09-01T17:39:48.507529+00:00
025_091,21852,19996,none,2026-09-01T17:39:48.507538+00:00
025_091,54108,31772,crevasse,2026-09-01T17:39:48.507543+00:00
025_091,20316,16924,none,2026-09-01T17:39:48.507547+00:00
025_091,40796,11804,none,2026-09-01T17:39:48.507560+00:00
025_091,56156,31772,crevasse,2026-09-01T17:39:48.507567+00:00
025_091,40796,34844,none,2026-09-01T17:39:48.507590+00:00
025_091,53596,30748,crevasse,2026-09-01T17:39:48.507599+00:00
025_091,14684,25628,none,2026-09-01T17:39:48.507601+00:00
025_091,38236,27164,crevasse,2026-09-01T17:39:48.507610+00:00
025_091,43356,28188,crevasse,2026-09-01T17:39:48.507633+00:00
025_091,43356,11804,none,2026-09-01T17:39:48.507648+00:00
025_091,20828,20508,none,2026-09-01T17:39:48.507653+00:00
025_091,33116,29212,none,2026-09-01T17:39:48.507657+00:00
025_091,56668,30748,crevasse,2026-09-01T17:39:48.507659+00:00
025_091,48988,34332,crevasse,2026-09-01T17:39:48.507677+00:00
025_091,30044,26140,none,2026-09-01T17:39:48.507679+00:00
025_091,17756,16924,none,2026-09-01T17:39:48.507693+00:00
025_091,49500,29212,crevasse,2026-09-01T17:39:48.507697+00:00
025_091,33116,27164,none,2026-09-01T17:39:48.507700+00:00
025_091,19804,13852,none,2026-09-01T17:39:48.507702+00:00
025_091,31068,14364,none,2026-09-01T17:39:48.507704+00:00
025_091,53084,33820,crevasse,2026-09-01T17:39:48.507715+00:00
025_091,56668,27164,crevasse,2026-09-01T17:39:48.507726+00:00
025_091,22364,6684,none,2026-09-01T17:39:48.507845+00:00
025_091,51548,20508,none,2026-09-01T17:39:48.507847+00:00
025_091,26460,24092,none,2026-09-01T17:39:48.507849+00:00
025_091,21852,28188,none,2026-09-01T17:39:48.507852+00:00
025_091,23900,17948,none,2026-09-01T17:39:48.507860+00:00
025_091,56156,33308,crevasse,2026-09-01T17:39:48.507883+00:00
025_091,54108,27164,crevasse,2026-09-01T17:39:48.507908+00:00
025_091,54108,34332,crevasse,2026-09-01T17:39:48.507915+00:00
025_091,22876,25116,none,2026-09-01T17:39:48.507922+00:00
025_091,34652,8732,none,2026-09-01T17:39:48.507924+00:00
025_091,20828,8220,none,2026-09-01T17:39:48.507929+00:00
025_091,40796,14364,none,2026-09-01T17:39:48.507931+00:00
025_091,26460,23580,none,2026-09-01T17:39:48.507933+00:00
025_091,50012,26652,crevasse,2026-09-01T17:39:48.507938+00:00
025_091,58204,17436,none,2026-09-01T17:39:48.507940+00:00
025_091,39772,11804,none,2026-09-01T17:39:48.507942+00:00
025_091,46428,37916,none,2026-09-01T17:39:48.507947+00:00
025_091,18268,7196,none,2026-09-01T17:39:48.507962+00:00
025_091,56668,25628,crevasse,2026-09-01T17:39:48.507964+00:00
025_091,25948,25116,none,2026-09-01T17:39:48.507971+00:00
025_091,39772,11292,none,2026-09-01T17:39:48.507976+00:00
025_091,23388,22044,none,2026-09-01T17:39:48.507994+00:00
025_091,34652,15900,none,2026-09-01T17:39:48.507996+00:00
025_091,46940,25628,crevasse,2026-09-01T17:39:48.507998+00:00
025_091,33116,22044,none,2026-09-01T17:39:48.508007+00:00
025_091,36188,13852,none,2026-09-01T17:39:48.508021+00:00
025_091,45916,21532,none,2026-09-01T17:39:48.508023+00:00
025_091,39772,35356,none,2026-09-01T17:39:48.508034+00:00
025_091,63324,25116,crevasse,2026-09-01T17:39:48.508036+00:00
025_091,29020,15900,none,2026-09-01T17:39:48.508045+00:00
025_091,57692,28188,crevasse,2026-09-01T17:39:48.508050+00:00
025_091,20316,11804,none,2026-09-01T17:39:48.508061+00:00
025_091,37724,27164,crevasse,2026-09-01T17:39:48.508077+00:00
025_091,38748,21532,crevasse,2026-09-01T17:39:48.508083+00:00
025_091,23388,27164,none,2026-09-01T17:39:48.508090+00:00
025_091,35164,29212,none,2026-09-01T17:39:48.508099+00:00
025_091,58204,33308,crevasse,2026-09-01T17:39:48.508131+00:00
025_091,56156,40988,none,2026-09-01T17:39:48.508161+00:00
025_091,26972,23068,none,2026-09-01T17:39:48.508166+00:00
025_091,38236,24604,crevasse,2026-09-01T17:39:48.508175+00:00
025_091,64348,20508,crevasse,2026-09-01T17:39:48.508199+00:00
025_091,60252,30748,crevasse,2026-09-01T17:39:48.508211+00:00
025_091,21852,7708,none,2026-09-01T17:39:48.508251+00:00
025_091,54108,32796,crevasse,2026-09-01T17:39:48.508265+00:00
025_091,19292,19484,none,2026-09-01T17:39:48.508274+00:00
025_091,11100,25116,none,2026-09-01T17:39:48.508298+00:00
025_091,20828,8732,none,2026-09-01T17:39:48.508300+00:00
025_091,23388,18460,none,2026-09-01T17:39:48.508307+00:00
025_091,51548,24604,skip,2026-09-01T17:39:48.508336+00:00
025_091,29020,25628,none,2026-09-01T17:39:48.508341+00:00
025_091,41308,18460,none,2026-09-01T17:39:48.508343+00:00
025_091,18780,21020,none,2026-09-01T17:39:48.508354+00:00
025_091,19292,20508,none,2026-09-01T17:39:48.508361+00:00
025_091,42844,13340,none,2026-09-01T17:39:48.508363+00:00
025_091,42844,22044,crevasse,2026-09-01T17:39:48.508375+00:00
025_091,49500,15900,none,2026-09-01T17:39:48.508383+00:00
025_091,32604,28188,none,2026-09-01T17:39:48.508390+00:00
025_091,30556,25116,none,2026-09-01T17:39:48.508392+00:00
025_091,31068,15388,none,2026-09-01T17:39:48.508397+00:00
025_091,50524,26652,crevasse,2026-09-01T17:39:48.508402+00:00
025_091,20316,9756,none,2026-09-01T17:39:48.508404+00:00
025_091,19292,3612,none,2026-09-01T17:39:48.508414+00:00
025_091,24412,8732,none,2026-09-01T17:39:48.508430+00:00
025_091,39772,23068,crevasse,2026-09-01T17:39:48.508432+00:00
025_091,25948,17948,none,2026-09-01T17:39:48.508441+00:00
025_091,29532,24604,none,2026-09-01T17:39:48.508444+00:00
025_091,15196,21532,none,2026-09-01T17:39:48.508453+00:00
025_091,22364,21532,none,2026-09-01T17:39:48.508477+00:00
025_091,52060,27676,crevasse,2026-09-01T17:39:48.508491+00:00
025_091,53596,30236,crevasse,2026-09-01T17:39:48.508493+00:00
025_091,46940,21020,none,2026-09-01T17:39:48.508495+00:00
025_091,52572,35356,crevasse,2026-09-01T17:39:48.508503+00:00
025_091,27996,15388,none,2026-09-01T17:39:48.508516+00:00
025_091,62300,19996,crevasse,2026-09-01T17:39:48.508523+00:00
025_091,63836,21020,crevasse,2026-09-01T17:39:48.508529+00:00
025_091,51036,20508,crevasse,2026-09-01T17:39:48.508534+00:00
025_091,17756,25116,none,2026-09-01T17:39:48.508545+00:00
025_091,48988,31260,none,2026-09-01T17:39:48.508559+00:00
025_091,54620,27164,crevasse,2026-09-01T17:39:48.508561+00:00
025_091,42844,29724,crevasse,2026-09-01T17:39:48.508563+00:00
025_091,29020,12828,none,2026-09-01T17:39:48.508568+00:00
025_091,56156,16924,crevasse,2026-09-01T17:39:48.508570+00:00
025_091,32604,11292,none,2026-09-01T17:39:48.508572+00:00
025_091,43356,34332,none,2026-09-01T17:39:48.508574+00:00
025_091,60252,32796,crevasse,2026-09-01T17:39:48.508583+00:00
025_091,61276,22556,crevasse,2026-09-01T17:39:48.508590+00:00
025_091,16220,16924,none,2026-09-01T17:39:48.508597+00:00
025_091,22876,25628,none,2026-09-01T17:39:48.508599+00:00
025_091,48988,25628,crevasse,2026-09-01T17:39:48.508605+00:00
025_091,35676,24092,none,2026-09-01T17:39:48.508626+00:00
025_091,61788,18972,crevasse,2026-09-01T17:39:48.508635+00:00
025_091,28508,10780,none,2026-09-01T17:39:48.508643+00:00
025_091,45404,28188,crevasse,2026-09-01T17:39:48.508648+00:00
025_091,52060,16412,none,2026-09-01T17:39:48.508652+00:00
025_091,42844,34332,none,2026-09-01T17:39:48.508659+00:00
025_091,18268,21532,none,2026-09-01T17:39:48.508673+00:00
025_091,14684,21532,none,2026-09-01T17:39:48.508684+00:00
025_091,24924,18460,none,2026-09-01T17:39:48.508686+00:00
025_091,40284,33820,none,2026-09-01T17:39:48.508690+00:00
025_091,37212,12316,none,2026-09-01T17:39:48.508701+00:00
025_091,57180,28700,crevasse,2026-09-01T17:39:48.508704+00:00
025_091,46428,34844,crevasse,2026-09-01T17:39:48.508708+00:00
025_091,58204,35868,none,2026-09-01T17:39:48.508710+00:00
025_091,25436,8732,none,2026-09-01T17:39:48.508715+00:00
025_091,51548,32284,crevasse,2026-09-01T17:39:48.508722+00:00
025_091,47452,37916,none,2026-09-01T17:39:48.508731+00:00
025_091,37724,19996,none,2026-09-01T17:39:48.508737+00:00
025_091,35676,18460,none,2026-09-01T17:39:48.508748+00:00
025_091,32092,28700,none,2026-09-01T17:39:48.508753+00:00
025_091,19804,11292,none,2026-09-01T17:39:48.508759+00:00
025_091,46940,13340,none,2026-09-01T17:39:48.508761+00:00
025_091,58204,35356,crevasse,2026-09-01T17:39:48.508764+00:00
025_091,14684,23068,none,2026-09-01T17:39:48.508773+00:00
025_091,34652,31772,none,2026-09-01T17:39:48.508829+00:00
025_091,56156,26140,crevasse,2026-09-01T17:39:48.508831+00:00
025_091,16732,19484,none,2026-09-01T17:39:48.508833+00:00
025_091,18780,16412,none,2026-09-01T17:39:48.508840+00:00
025_091,29532,30236,none,2026-09-01T17:39:48.508844+00:00
025_091,20828,4636,none,2026-09-01T17:39:48.508849+00:00
025_091,56668,18972,none,2026-09-01T17:39:48.508873+00:00
025_091,50012,21532,crevasse,2026-09-01T17:39:48.508889+00:00
025_091,15708,25628,none,2026-09-01T17:39:48.508891+00:00
025_091,37212,23068,crevasse,2026-09-01T17:39:48.508902+00:00
025_091,33628,11292,none,2026-09-01T17:39:48.508928+00:00
025_091,61788,24092,crevasse,2026-09-01T17:39:48.508935+00:00
025_091,37212,30236,none,2026-09-01T17:39:48.508944+00:00
025_091,42332,19996,none,2026-09-01T17:39:48.508966+00:00
025_091,25948,12828,none,2026-09-01T17:39:48.508968+00:00
025_091,44892,17948,none,2026-09-01T17:39:48.508971+00:00
025_091,61276,28700,crevasse,2026-09-01T17:39:48.508979+00:00
025_091,51548,22044,crevasse,2026-09-01T17:39:48.508984+00:00
025_091,56156,29724,crevasse,2026-09-01T17:39:48.508999+00:00
025_091,27996,24092,none,2026-09-01T17:39:48.509020+00:00
025_091,27996,19484,none,2026-09-01T17:39:48.509022+00:00
025_091,40796,17436,none,2026-09-01T17:39:48.509029+00:00
025_091,39772,19484,none,2026-09-01T17:39:48.509040+00:00
025_091,45916,36892,skip,2026-09-01T17:39:48.509052+00:00
025_091,44380,19484,none,2026-09-01T17:39:48.509054+00:00
025_091,53596,24092,none,2026-09-01T17:39:48.509070+00:00
025_091,39260,13340,none,2026-09-01T17:39:48.509079+00:00
025_091,30044,29212,none,2026-09-01T17:39:48.509081+00:00
025_091,54620,23068,crevasse,2026-09-01T17:39:48.509097+00:00
025_091,39772,24604,crevasse,2026-09-01T17:39:48.509100+00:00
025_091,34140,16924,none,2026-09-01T17:39:48.509105+00:00
025_091,42332,15388,none,2026-09-01T17:39:48.509123+00:00
025_091,17756,17948,none,2026-09-01T17:39:48.509134+00:00
025_091,51036,35868,crevasse,2026-09-01T17:39:48.509137+00:00
025_091,36700,24092,crevasse,2026-09-01T17:39:48.509153+00:00
025_091,45404,25116,crevasse,2026-09-01T17:39:48.509155+00:00
025_091,36188,15900,none,2026-09-01T17:39:48.509164+00:00
025_091,15708,16924,none,2026-09-01T17:39:48.509178+00:00
025_091,43868,29212,crevasse,2026-09-01T17:39:48.509181+00:00
025_091,38748,16924,none,2026-09-01T17:39:48.509196+00:00
025_091,33116,17436,none,2026-09-01T17:39:48.509201+00:00
025_091,46428,24092,crevasse,2026-09-01T17:39:48.509205+00:00
025_091,57692,19996,crevasse,2026-09-01T17:39:48.509216+00:00
025_091,42332,28700,crevasse,2026-09-01T17:39:48.509238+00:00
025_091,46428,32796,crevasse,2026-09-01T17:39:48.509243+00:00
025_091,29020,22556,none,2026-09-01T17:39:48.509250+00:00
025_091,59740,19996,crevasse,2026-09-01T17:39:48.509260+00:00
025_091,61276,22044,crevasse,2026-09-01T17:39:48.509264+00:00
025_091,19804,14876,none,2026-09-01T17:39:48.509269+00:00
025_091,61788,26140,crevasse,2026-09-01T17:39:48.509273+00:00
025_091,42332,35868,none,2026-09-01T17:39:48.509280+00:00
025_091,45404,18460,none,2026-09-01T17:39:48.509283+00:00
025_091,33116,18460,none,2026-09-01T17:39:48.509289+00:00
025_091,21340,19996,none,2026-09-01T17:39:48.509294+00:00
025_091,63836,21532,crevasse,2026-09-01T17:39:48.509303+00:00
025_091,61276,29212,crevasse,2026-09-01T17:39:48.509305+00:00
025_091,47964,36892,crevasse,2026-09-01T17:39:48.509334+00:00
025_091,20316,7196,none,2026-09-01T17:39:48.509345+00:00
025_091,19804,26140,none,2026-09-01T17:39:48.509349+00:00
025_091,24924,25116,none,2026-09-01T17:39:48.509358+00:00
025_091,32604,19484,none,2026-09-01T17:39:48.509363+00:00
025_091,52572,39964,none,2026-09-01T17:39:48.509377+00:00
025_091,43356,36380,none,2026-09-01T17:39:48.509379+00:00
025_091,11612,24092,none,2026-09-01T17:39:48.509383+00:00
025_091,36700,33308,none,2026-09-01T17:39:48.509392+00:00
025_091,54620,37916,none,2026-09-01T17:39:48.509395+00:00
025_091,19292,22556,none,2026-09-01T17:39:48.509417+00:00
025_091,51036,25628,crevasse,2026-09-01T17:39:48.509422+00:00
025_091,48476,29724,crevasse,2026-09-01T17:39:48.509435+00:00
025_091,27484,16924,none,2026-09-01T17:39:48.509437+00:00
025_091,28508,16412,none,2026-09-01T17:39:48.509451+00:00
025_091,33116,32796,none,2026-09-01T17:39:48.509455+00:00
025_091,43356,26140,crevasse,2026-09-01T17:39:48.509471+00:00
025_091,39772,25628,crevasse,2026-09-01T17:39:48.509473+00:00
025_091,47452,29724,crevasse,2026-09-01T17:39:48.509480+00:00
025_091,46428,13852,none,2026-09-01T17:39:48.509489+00:00
025_091,57692,17436,none,2026-09-01T17:39:48.509498+00:00
025_091,57180,19996,none,2026-09-01T17:39:48.509515+00:00
025_091,46940,25116,crevasse,2026-09-01T17:39:48.509524+00:00
025_091,47964,23068,crevasse,2026-09-01T17:39:48.509531+00:00
025_091,26460,18460,none,2026-09-01T17:39:48.509533+00:00
025_091,16220,15900,none,2026-09-01T17:39:48.509538+00:00
025_091,54108,37404,none,2026-09-01T17:39:48.509540+00:00
025_091,53084,40476,none,2026-09-01T17:39:48.509542+00:00
025_091,27996,23068,none,2026-09-01T17:39:48.509555+00:00
025_091,43868,22556,crevasse,2026-09-01T17:39:48.509559+00:00
025_091,47452,37404,none,2026-09-01T17:39:48.509573+00:00
025_091,40796,26140,crevasse,2026-09-01T17:39:48.509593+00:00
025_091,24412,26140,none,2026-09-01T17:39:48.509597+00:00
025_091,41820,31260,crevasse,2026-09-01T17:39:48.509602+00:00
025_091,37724,23580,crevasse,2026-09-01T17:39:48.509613+00:00
025_091,31068,14876,none,2026-09-01T17:39:48.509628+00:00
025_091,51548,30236,crevasse,2026-09-01T17:39:48.509631+00:00
025_091,31580,27676,crevasse,2026-09-01T17:39:48.509635+00:00
025_091,52572,32796,crevasse,2026-09-01T17:39:48.509642+00:00
025_091,28508,24604,none,2026-09-01T17:39:48.509659+00:00
025_091,54108,35868,none,2026-09-01T17:39:48.509668+00:00
025_091,26972,30748,none,2026-09-01T17:39:48.509677+00:00
025_091,55132,25116,crevasse,2026-09-01T17:39:48.509692+00:00
025_091,25436,5660,none,2026-09-01T17:39:48.509694+00:00
025_091,23388,17436,none,2026-09-01T17:39:48.509697+00:00
025_091,20316,13852,none,2026-09-01T17:39:48.509734+00:00
025_091,33628,20508,none,2026-09-01T17:39:48.509748+00:00
025_091,46940,24092,crevasse,2026-09-01T17:39:48.509758+00:00
025_091,52572,33308,none,2026-09-01T17:39:48.509765+00:00
025_091,61276,32284,none,2026-09-01T17:39:48.509776+00:00
025_091,42332,16412,none,2026-09-01T17:39:48.509779+00:00
025_091,37724,25116,crevasse,2026-09-01T17:39:48.509781+00:00
025_091,60764,30236,crevasse,2026-09-01T17:39:48.509784+00:00
025_091,44892,21020,none,2026-09-01T17:39:48.509791+00:00
