granule,row,col,label,aoi_pos_frac,data_frac,tier,dist_km,grounded_frac,ice_condition,vel_m_yr,source,timestamp
025_048,8704,33792,none,0.0,0.9121,core,18.1,1.0,grounded,227.6,alphaearth,2026-09-08T17:04:05.861996+00:00
025_048,9216,32768,none,0.0,0.9209,core,13.8,1.0,grounded,313.1,alphaearth,2026-09-08T17:04:05.861996+00:00
025_048,9216,33280,none,0.0,1.0,core,16.2,1.0,grounded,300.1,alphaearth,2026-09-08T17:04:05.861996+00:00
025_048,9728,31744,none,0.0,0.9297,core,10.9,1.0,grounded,364.4,alphaearth,2026-09-08T17:04:05.861996+00:00
025_048,9728,32256,none,0.0,1.0,core,12.8,1.0,grounded,344.7,alphaearth,2026-09-08T17:04:05.861996+00:00
025_048,10240,30208,none,0.0,0.542,core,5.1,1.0,grounded,449.2,alphaearth,2026-09-08T17:04:05.861996+00:00
025_048,10240,30720,none,0.0,0.9521,core,7.7,1.0,grounded,428.7,alphaearth,2026-09-08T17:04:05.861996+00:00
025_048,10240,31232,none,0.0,1.0,core,10.2,1.0,grounded,403.6,alphaearth,2026-09-08T17:04:05.861996+00:00
025_048,10240,31744,none,0.0,1.0,core,12.8,1.0,grounded,374.1,alphaearth,2026-09-08T17:04:05.861996+00:00
025_048,10240,32256,none,0.0,1.0,core,14.5,1.0,grounded,350.6,alphaearth,2026-09-08T17:04:05.861996+00:00
025_048,10240,32768,none,0.0,1.0,core,16.4,1.0,grounded,341.3,alphaearth,2026-09-08T17:04:05.861996+00:00
025_048,10240,33280,none,0.0,1.0,core,18.5,1.0,grounded,334.4,alphaearth,2026-09-08T17:04:05.861996+00:00
025_048,10752,29696,none,0.0,0.9639,core,2.6,1.0,grounded,477.8,alphaearth,2026-09-08T17:04:05.861996+00:00
025_048,10752,30208,none,0.0,1.0,core,5.1,1.0,grounded,444.0,alphaearth,2026-09-08T17:04:05.861996+00:00
025_048,10752,30720,none,0.0,1.0,core,7.7,1.0,grounded,416.8,alphaearth,2026-09-08T17:04:05.861996+00:00
025_048,10752,31232,none,0.0,1.0,core,10.2,1.0,grounded,388.2,alphaearth,2026-09-08T17:04:05.861996+00:00
025_048,10752,31744,none,0.0,1.0,core,12.8,1.0,grounded,361.0,alphaearth,2026-09-08T17:04:05.861996+00:00
025_048,10752,32256,none,0.0,1.0,core,14.5,1.0,grounded,344.5,alphaearth,2026-09-08T17:04:05.861996+00:00
025_048,11264,29184,none,0.0,1.0,core,2.6,1.0,grounded,476.9,alphaearth,2026-09-08T17:04:05.861996+00:00
025_048,11264,29696,none,0.0,1.0,core,3.6,1.0,grounded,422.5,alphaearth,2026-09-08T17:04:05.861996+00:00
025_048,11264,30208,none,0.0,1.0,core,5.7,1.0,grounded,394.3,alphaearth,2026-09-08T17:04:05.861996+00:00
025_048,11264,30720,none,0.0,1.0,core,8.1,1.0,grounded,372.3,alphaearth,2026-09-08T17:04:05.861996+00:00
025_048,11264,31232,none,0.0,1.0,core,9.2,1.0,grounded,355.0,alphaearth,2026-09-08T17:04:05.861996+00:00
025_048,11264,32768,none,0.0,1.0,core,14.9,1.0,grounded,325.0,alphaearth,2026-09-08T17:04:05.861996+00:00
025_048,11264,33792,none,0.0,1.0,core,19.5,1.0,grounded,321.3,alphaearth,2026-09-08T17:04:05.861996+00:00
025_048,11776,28672,none,0.0,1.0,core,2.6,1.0,grounded,466.0,alphaearth,2026-09-08T17:04:05.861996+00:00
025_048,11776,29184,none,0.0,1.0,core,2.6,1.0,grounded,385.6,alphaearth,2026-09-08T17:04:05.861996+00:00
025_048,11776,29696,none,0.0,1.0,core,3.6,1.0,grounded,343.6,alphaearth,2026-09-08T17:04:05.861996+00:00
025_048,11776,30208,none,0.0,1.0,core,5.1,1.0,grounded,329.4,alphaearth,2026-09-08T17:04:05.861996+00:00
025_048,11776,31744,none,0.0,1.0,core,9.2,1.0,grounded,304.8,alphaearth,2026-09-08T17:04:05.861996+00:00
025_048,12288,29696,none,0.0,1.0,core,2.6,1.0,grounded,283.5,alphaearth,2026-09-08T17:04:05.861996+00:00
025_048,12288,31232,none,0.0,1.0,core,5.7,1.0,grounded,268.0,alphaearth,2026-09-08T17:04:05.861996+00:00
025_048,12288,32768,none,0.0,1.0,core,13.1,1.0,grounded,271.0,alphaearth,2026-09-08T17:04:05.861996+00:00
025_048,12288,33280,none,0.0,1.0,core,15.6,1.0,grounded,274.8,alphaearth,2026-09-08T17:04:05.861996+00:00
025_048,12800,30720,none,0.0,1.0,core,2.6,1.0,grounded,220.9,alphaearth,2026-09-08T17:04:05.861996+00:00
025_048,12800,31232,none,0.0,1.0,core,5.1,1.0,grounded,212.7,alphaearth,2026-09-08T17:04:05.861996+00:00
025_048,12800,31744,none,0.0,1.0,core,7.7,1.0,grounded,209.8,alphaearth,2026-09-08T17:04:05.861996+00:00
025_048,12800,32256,none,0.0,1.0,core,10.2,1.0,grounded,211.3,alphaearth,2026-09-08T17:04:05.861996+00:00
025_048,12800,32768,none,0.0,1.0,core,12.8,1.0,grounded,214.7,alphaearth,2026-09-08T17:04:05.861996+00:00
025_048,12800,33280,none,0.0,1.0,core,15.4,1.0,grounded,216.0,alphaearth,2026-09-08T17:04:05.861996+00:00
025_048,12800,33792,none,0.0,1.0,core,17.9,1.0,grounded,217.4,alphaearth,2026-09-08T17:04:05.861996+00:00
025_048,13312,27648,crevasse,0.399746,1.0,core,0.0,1.0,grounded,471.5,alphaearth,2026-09-08T17:04:05.861996+00:00
025_048,13312,28672,crevasse,0.255024,1.0,core,0.0,1.0,grounded,286.5,alphaearth,2026-09-08T17:04:05.861996+00:00
025_048,13312,29696,none,0.0,1.0,core,2.6,1.0,grounded,203.6,alphaearth,2026-09-08T17:04:05.861996+00:00
025_048,13312,30208,none,0.0,1.0,core,2.6,1.0,grounded,185.6,alphaearth,2026-09-08T17:04:05.861996+00:00
025_048,13312,30720,none,0.0,1.0,core,3.6,1.0,grounded,162.2,alphaearth,2026-09-08T17:04:05.861996+00:00
025_048,13312,31232,none,0.0,1.0,core,5.7,1.0,grounded,136.5,alphaearth,2026-09-08T17:04:05.861996+00:00
025_048,13312,31744,none,0.0,1.0,core,8.1,1.0,grounded,116.5,alphaearth,2026-09-08T17:04:05.861996+00:00
025_048,13312,32256,none,0.0,1.0,core,10.6,1.0,grounded,106.5,alphaearth,2026-09-08T17:04:05.861996+00:00
025_048,13312,32768,none,0.0,1.0,core,13.1,1.0,grounded,106.1,alphaearth,2026-09-08T17:04:05.861996+00:00
025_048,13312,33280,none,0.0,1.0,core,15.6,1.0,grounded,103.6,alphaearth,2026-09-08T17:04:05.861996+00:00
025_048,13312,33792,none,0.0,1.0,core,18.1,1.0,grounded,105.8,alphaearth,2026-09-08T17:04:05.861996+00:00
025_048,13824,27136,crevasse,0.898209,1.0,core,0.0,1.0,grounded,702.8,alphaearth,2026-09-08T17:04:05.861996+00:00
025_048,13824,28672,crevasse,0.573406,1.0,core,0.0,1.0,grounded,256.3,alphaearth,2026-09-08T17:04:05.861996+00:00
025_048,13824,29184,crevasse,0.608803,1.0,core,0.0,1.0,grounded,207.6,alphaearth,2026-09-08T17:04:05.861996+00:00
025_048,13824,30720,none,0.0,1.0,core,2.6,1.0,grounded,63.8,alphaearth,2026-09-08T17:04:05.861996+00:00
025_048,13824,31232,none,0.0,1.0,core,5.1,1.0,grounded,37.7,alphaearth,2026-09-08T17:04:05.861996+00:00
025_048,13824,32768,none,0.0,1.0,core,12.8,1.0,grounded,22.7,alphaearth,2026-09-08T17:04:05.861996+00:00
025_048,13824,33280,none,0.0,1.0,core,15.4,1.0,grounded,23.3,alphaearth,2026-09-08T17:04:05.861996+00:00
025_048,13824,33792,none,0.0,1.0,core,17.9,1.0,grounded,21.4,alphaearth,2026-09-08T17:04:05.861996+00:00
025_048,14336,29184,crevasse,0.517254,1.0,core,0.0,1.0,grounded,156.2,alphaearth,2026-09-08T17:04:05.861996+00:00
025_048,14336,30720,none,0.0,1.0,core,2.6,1.0,grounded,19.8,alphaearth,2026-09-08T17:04:05.861996+00:00
025_048,14848,22016,crevasse,0.458706,1.0,core,0.0,1.0,grounded,1882.3,alphaearth,2026-09-08T17:04:05.861996+00:00
025_048,14848,27136,crevasse,0.921177,1.0,core,0.0,1.0,grounded,536.1,alphaearth,2026-09-08T17:04:05.861996+00:00
025_048,15360,19968,crevasse,0.287827,0.7764,core,0.0,1.0,grounded,297.3,alphaearth,2026-09-08T17:04:05.861996+00:00
025_048,15360,27648,crevasse,0.45343,1.0,core,0.0,1.0,grounded,231.2,alphaearth,2026-09-08T17:04:05.861996+00:00
025_048,15360,28672,crevasse,0.255741,1.0,core,0.0,1.0,grounded,53.7,alphaearth,2026-09-08T17:04:05.861996+00:00
025_048,15872,18944,crevasse,0.584972,0.7803,core,0.0,1.0,grounded,26.1,alphaearth,2026-09-08T17:04:05.861996+00:00
025_048,15872,19456,crevasse,0.654785,1.0,core,0.0,1.0,grounded,75.9,alphaearth,2026-09-08T17:04:05.861996+00:00
025_048,15872,19968,crevasse,0.504398,1.0,core,0.0,1.0,grounded,317.4,alphaearth,2026-09-08T17:04:05.861996+00:00
025_048,15872,30208,none,0.0,1.0,core,2.6,1.0,grounded,16.1,alphaearth,2026-09-08T17:04:05.861996+00:00
025_048,16384,17920,crevasse,0.324001,0.79,core,0.0,1.0,grounded,24.6,alphaearth,2026-09-08T17:04:05.861996+00:00
025_048,16384,18432,crevasse,0.340698,1.0,core,0.0,1.0,grounded,27.6,alphaearth,2026-09-08T17:04:05.861996+00:00
025_048,16384,18944,crevasse,0.614811,1.0,core,0.0,1.0,grounded,32.2,alphaearth,2026-09-08T17:04:05.861996+00:00
025_048,16384,19456,crevasse,0.795898,1.0,core,0.0,1.0,grounded,123.5,alphaearth,2026-09-08T17:04:05.861996+00:00
025_048,16384,27136,crevasse,0.980518,1.0,core,0.0,1.0,grounded,314.4,alphaearth,2026-09-08T17:04:05.861996+00:00
025_048,16384,27648,crevasse,0.852024,1.0,core,0.0,1.0,grounded,104.4,alphaearth,2026-09-08T17:04:05.861996+00:00
025_048,16384,29696,none,0.0,1.0,core,2.6,1.0,grounded,18.4,alphaearth,2026-09-08T17:04:05.861996+00:00
025_048,16896,17408,crevasse,0.262749,1.0,core,0.0,1.0,grounded,24.2,alphaearth,2026-09-08T17:04:05.861996+00:00
025_048,16896,17920,crevasse,0.304733,1.0,core,0.0,1.0,grounded,27.8,alphaearth,2026-09-08T17:04:05.861996+00:00
025_048,16896,18432,crevasse,0.332264,1.0,core,0.0,1.0,grounded,31.6,alphaearth,2026-09-08T17:04:05.861996+00:00
025_048,16896,18944,crevasse,0.65189,1.0,core,0.0,1.0,grounded,39.9,alphaearth,2026-09-08T17:04:05.861996+00:00
025_048,16896,19456,crevasse,0.649845,1.0,core,0.0,1.0,grounded,177.1,alphaearth,2026-09-08T17:04:05.861996+00:00
025_048,16896,20992,crevasse,0.935375,1.0,core,0.0,1.0,grounded,812.0,alphaearth,2026-09-08T17:04:05.861996+00:00
025_048,16896,27136,crevasse,0.966503,1.0,core,0.0,1.0,grounded,261.0,alphaearth,2026-09-08T17:04:05.861996+00:00
025_048,16896,27648,crevasse,0.729382,1.0,core,0.0,1.0,grounded,72.4,alphaearth,2026-09-08T17:04:05.861996+00:00
025_048,16896,28160,crevasse,0.674171,1.0,core,0.0,1.0,grounded,40.4,alphaearth,2026-09-08T17:04:05.861996+00:00
025_048,17408,17408,crevasse,0.446129,1.0,core,0.0,1.0,grounded,23.4,alphaearth,2026-09-08T17:04:05.861996+00:00
025_048,17408,17920,crevasse,0.435444,1.0,core,0.0,1.0,grounded,26.8,alphaearth,2026-09-08T17:04:05.861996+00:00
025_048,17408,18432,crevasse,0.476139,1.0,core,0.0,1.0,grounded,31.3,alphaearth,2026-09-08T17:04:05.861996+00:00
025_048,17408,18944,crevasse,0.408405,1.0,core,0.0,1.0,grounded,48.2,alphaearth,2026-09-08T17:04:05.861996+00:00
025_048,17408,19456,crevasse,0.377491,1.0,core,0.0,1.0,grounded,222.7,alphaearth,2026-09-08T17:04:05.861996+00:00
025_048,17408,20480,crevasse,0.586712,1.0,core,0.0,1.0,grounded,543.7,alphaearth,2026-09-08T17:04:05.861996+00:00
025_048,17408,20992,crevasse,0.819221,1.0,core,0.0,1.0,grounded,801.7,alphaearth,2026-09-08T17:04:05.861996+00:00
025_048,17408,27136,crevasse,0.950047,1.0,core,0.0,1.0,grounded,218.9,alphaearth,2026-09-08T17:04:05.861996+00:00
025_048,17408,27648,crevasse,0.531719,1.0,core,0.0,1.0,grounded,55.7,alphaearth,2026-09-08T17:04:05.861996+00:00
025_048,17408,28160,crevasse,0.718044,1.0,core,0.0,1.0,grounded,32.7,alphaearth,2026-09-08T17:04:05.861996+00:00
025_048,17920,16896,crevasse,0.403816,1.0,core,0.0,1.0,grounded,25.0,alphaearth,2026-09-08T17:04:05.861996+00:00
025_048,17920,17408,crevasse,0.601704,1.0,core,0.0,1.0,grounded,28.1,alphaearth,2026-09-08T17:04:05.861996+00:00
025_048,17920,17920,crevasse,0.658276,1.0,core,0.0,1.0,grounded,35.2,alphaearth,2026-09-08T17:04:05.861996+00:00
025_048,17920,18432,crevasse,0.412876,1.0,core,0.0,1.0,grounded,44.9,alphaearth,2026-09-08T17:04:05.861996+00:00
025_048,17920,18944,crevasse,0.608582,1.0,core,0.0,1.0,grounded,80.6,alphaearth,2026-09-08T17:04:05.861996+00:00
025_048,17920,19456,crevasse,0.405396,1.0,core,0.0,1.0,grounded,258.4,alphaearth,2026-09-08T17:04:05.861996+00:00
025_048,17920,19968,crevasse,0.583488,1.0,core,0.0,1.0,grounded,407.0,alphaearth,2026-09-08T17:04:05.861996+00:00
025_048,17920,20480,crevasse,0.507202,1.0,core,0.0,1.0,grounded,573.1,alphaearth,2026-09-08T17:04:05.861996+00:00
025_048,17920,20992,crevasse,0.544781,1.0,core,0.0,1.0,grounded,844.7,alphaearth,2026-09-08T17:04:05.861996+00:00
025_048,17920,27648,crevasse,0.73143,1.0,core,0.0,1.0,grounded,45.3,alphaearth,2026-09-08T17:04:05.861996+00:00
025_048,17920,28160,crevasse,0.705227,1.0,core,0.0,1.0,grounded,28.5,alphaearth,2026-09-08T17:04:05.861996+00:00
025_048,17920,31232,none,0.0,1.0,core,2.6,1.0,grounded,16.2,alphaearth,2026-09-08T17:04:05.861996+00:00
025_048,18432,16384,crevasse,0.323719,1.0,core,0.0,1.0,grounded,24.6,alphaearth,2026-09-08T17:04:05.861996+00:00
025_048,18432,16896,crevasse,0.502098,1.0,core,0.0,1.0,grounded,32.4,alphaearth,2026-09-08T17:04:05.861996+00:00
025_048,18432,17408,crevasse,0.679466,1.0,core,0.0,1.0,grounded,50.7,alphaearth,2026-09-08T17:04:05.861996+00:00
025_048,18432,17920,crevasse,0.766163,1.0,core,0.0,1.0,grounded,67.8,alphaearth,2026-09-08T17:04:05.861996+00:00
025_048,18432,18432,crevasse,0.42561,1.0,core,0.0,1.0,grounded,63.9,alphaearth,2026-09-08T17:04:05.861996+00:00
025_048,18432,19456,crevasse,0.867962,1.0,core,0.0,1.0,grounded,313.5,alphaearth,2026-09-08T17:04:05.861996+00:00
025_048,18432,27648,crevasse,0.830368,1.0,core,0.0,1.0,grounded,43.2,alphaearth,2026-09-08T17:04:05.861996+00:00
025_048,18432,28160,crevasse,0.473801,1.0,core,0.0,1.0,grounded,28.9,alphaearth,2026-09-08T17:04:05.861996+00:00
025_048,18432,30208,none,0.0,1.0,core,2.6,1.0,grounded,16.2,alphaearth,2026-09-08T17:04:05.861996+00:00
025_048,18432,32768,none,0.0,1.0,core,2.6,1.0,grounded,22.7,alphaearth,2026-09-08T17:04:05.861996+00:00
025_048,18944,17408,crevasse,0.526752,1.0,core,0.0,1.0,grounded,34.8,alphaearth,2026-09-08T17:04:05.861996+00:00
025_048,18944,17920,crevasse,0.706375,1.0,core,0.0,1.0,grounded,74.8,alphaearth,2026-09-08T17:04:05.861996+00:00
025_048,18944,18432,crevasse,0.692871,1.0,core,0.0,1.0,grounded,114.5,alphaearth,2026-09-08T17:04:05.861996+00:00
025_048,18944,18944,crevasse,0.586021,1.0,core,0.0,1.0,grounded,213.4,alphaearth,2026-09-08T17:04:05.861996+00:00
025_048,18944,20992,crevasse,0.95517,1.0,core,0.0,1.0,grounded,1033.3,alphaearth,2026-09-08T17:04:05.861996+00:00
025_048,18944,27136,crevasse,0.981033,1.0,core,0.0,1.0,grounded,155.4,alphaearth,2026-09-08T17:04:05.861996+00:00
025_048,18944,27648,crevasse,0.792736,1.0,core,0.0,1.0,grounded,46.3,alphaearth,2026-09-08T17:04:05.861996+00:00
025_048,18944,28160,crevasse,0.292973,1.0,core,0.0,1.0,grounded,29.2,alphaearth,2026-09-08T17:04:05.861996+00:00
025_048,18944,31744,none,0.0,1.0,core,2.6,1.0,grounded,33.9,alphaearth,2026-09-08T17:04:05.861996+00:00
025_048,18944,32256,none,0.0,1.0,core,3.6,1.0,grounded,31.7,alphaearth,2026-09-08T17:04:05.861996+00:00
025_048,18944,33280,none,0.0,1.0,core,5.7,1.0,grounded,31.9,alphaearth,2026-09-08T17:04:05.861996+00:00
025_048,19456,17920,crevasse,0.691273,1.0,core,0.0,1.0,grounded,49.4,alphaearth,2026-09-08T17:04:05.861996+00:00
025_048,19456,18432,crevasse,0.938889,1.0,core,0.0,1.0,grounded,163.2,alphaearth,2026-09-08T17:04:05.861996+00:00
025_048,19456,18944,crevasse,0.710396,1.0,core,0.0,1.0,grounded,269.5,alphaearth,2026-09-08T17:04:05.861996+00:00
025_048,19456,19456,crevasse,0.942421,1.0,core,0.0,1.0,grounded,405.7,alphaearth,2026-09-08T17:04:05.861996+00:00
025_048,19456,27136,crevasse,0.738461,1.0,core,0.0,1.0,grounded,92.3,alphaearth,2026-09-08T17:04:05.861996+00:00
025_048,19456,27648,crevasse,0.595921,1.0,core,0.0,1.0,grounded,54.5,alphaearth,2026-09-08T17:04:05.861996+00:00
025_048,19456,32256,none,0.0,1.0,core,5.7,1.0,grounded,49.7,alphaearth,2026-09-08T17:04:05.861996+00:00
025_048,19456,32768,none,0.0,1.0,core,7.2,1.0,grounded,54.4,alphaearth,2026-09-08T17:04:05.861996+00:00
025_048,19456,33792,none,0.0,1.0,core,9.2,1.0,grounded,60.9,alphaearth,2026-09-08T17:04:05.861996+00:00
025_048,19968,15360,crevasse,0.340687,1.0,core,0.0,1.0,grounded,19.8,alphaearth,2026-09-08T17:04:05.861996+00:00
025_048,19968,17408,crevasse,0.54232,1.0,core,0.0,1.0,grounded,21.9,alphaearth,2026-09-08T17:04:05.861996+00:00
025_048,19968,17920,crevasse,0.772861,1.0,core,0.0,1.0,grounded,42.4,alphaearth,2026-09-08T17:04:05.861996+00:00
025_048,19968,18432,crevasse,0.943844,1.0,core,0.0,1.0,grounded,187.0,alphaearth,2026-09-08T17:04:05.861996+00:00
025_048,19968,18944,crevasse,0.943779,1.0,core,0.0,1.0,grounded,320.8,alphaearth,2026-09-08T17:04:05.861996+00:00
025_048,19968,19968,crevasse,0.978195,1.0,core,0.0,1.0,grounded,639.1,alphaearth,2026-09-08T17:04:05.861996+00:00
025_048,19968,30208,none,0.0,1.0,core,2.6,1.0,grounded,93.0,alphaearth,2026-09-08T17:04:05.861996+00:00
025_048,19968,31232,none,0.0,1.0,core,5.1,1.0,grounded,106.4,alphaearth,2026-09-08T17:04:05.861996+00:00
025_048,19968,31744,none,0.0,1.0,core,5.7,1.0,grounded,111.6,alphaearth,2026-09-08T17:04:05.861996+00:00
025_048,19968,32256,none,0.0,1.0,core,7.2,1.0,grounded,101.9,alphaearth,2026-09-08T17:04:05.861996+00:00
025_048,19968,32768,none,0.0,1.0,core,9.2,1.0,grounded,120.3,alphaearth,2026-09-08T17:04:05.861996+00:00
025_048,19968,33280,none,0.0,1.0,core,10.6,1.0,grounded,138.0,alphaearth,2026-09-08T17:04:05.861996+00:00
025_048,19968,33792,none,0.0,1.0,core,11.4,1.0,grounded,151.4,alphaearth,2026-09-08T17:04:05.861996+00:00
025_048,20480,14848,crevasse,0.333294,1.0,core,0.0,1.0,grounded,20.5,alphaearth,2026-09-08T17:04:05.861996+00:00
025_048,20480,15360,crevasse,0.331787,1.0,core,0.0,1.0,grounded,21.8,alphaearth,2026-09-08T17:04:05.861996+00:00
025_048,20480,16896,crevasse,0.854103,1.0,core,0.0,1.0,grounded,33.3,alphaearth,2026-09-08T17:04:05.861996+00:00
025_048,20480,17408,crevasse,0.887428,1.0,core,0.0,1.0,grounded,32.6,alphaearth,2026-09-08T17:04:05.861996+00:00
025_048,20480,17920,crevasse,0.848385,1.0,core,0.0,1.0,grounded,42.6,alphaearth,2026-09-08T17:04:05.861996+00:00
025_048,20480,20992,crevasse,0.996864,1.0,core,0.0,1.0,grounded,1683.4,alphaearth,2026-09-08T17:04:05.861996+00:00
025_048,20480,29696,none,0.0,1.0,core,2.6,1.0,grounded,195.3,alphaearth,2026-09-08T17:04:05.861996+00:00
025_048,20480,30208,none,0.0,1.0,core,3.6,1.0,grounded,215.4,alphaearth,2026-09-08T17:04:05.861996+00:00
025_048,20480,31232,none,0.0,1.0,core,5.7,1.0,grounded,241.7,alphaearth,2026-09-08T17:04:05.861996+00:00
025_048,20480,31744,none,0.0,1.0,core,7.2,1.0,grounded,242.0,alphaearth,2026-09-08T17:04:05.861996+00:00
025_048,20480,32256,none,0.0,1.0,core,9.2,1.0,grounded,234.9,alphaearth,2026-09-08T17:04:05.861996+00:00
025_048,20480,33792,none,0.0,1.0,core,13.8,1.0,grounded,242.5,alphaearth,2026-09-08T17:04:05.861996+00:00
025_048,20992,9728,none,0.0,1.0,core,5.7,1.0,grounded,36.9,alphaearth,2026-09-08T17:04:05.861996+00:00
025_048,20992,14848,crevasse,0.355457,1.0,core,0.0,1.0,grounded,20.7,alphaearth,2026-09-08T17:04:05.861996+00:00
025_048,20992,16384,crevasse,0.385395,1.0,core,0.0,1.0,grounded,40.2,alphaearth,2026-09-08T17:04:05.861996+00:00
025_048,20992,16896,crevasse,0.563293,1.0,core,0.0,1.0,grounded,46.0,alphaearth,2026-09-08T17:04:05.861996+00:00
025_048,20992,17408,crevasse,0.800358,1.0,core,0.0,1.0,grounded,43.6,alphaearth,2026-09-08T17:04:05.861996+00:00
025_048,20992,17920,crevasse,0.817841,1.0,core,0.0,1.0,grounded,50.8,alphaearth,2026-09-08T17:04:05.861996+00:00
025_048,20992,18432,crevasse,0.989265,1.0,core,0.0,1.0,grounded,205.9,alphaearth,2026-09-08T17:04:05.861996+00:00
025_048,20992,18944,crevasse,0.916065,1.0,core,0.0,1.0,grounded,360.8,alphaearth,2026-09-08T17:04:05.861996+00:00
025_048,20992,26624,crevasse,0.993263,1.0,core,0.0,1.0,grounded,415.3,alphaearth,2026-09-08T17:04:05.861996+00:00
025_048,20992,27136,crevasse,0.990486,1.0,core,0.0,1.0,grounded,235.6,alphaearth,2026-09-08T17:04:05.861996+00:00
025_048,20992,27648,crevasse,0.843536,1.0,core,0.0,1.0,grounded,268.9,alphaearth,2026-09-08T17:04:05.861996+00:00
025_048,20992,28160,crevasse,0.711605,1.0,core,0.0,1.0,grounded,266.5,alphaearth,2026-09-08T17:04:05.861996+00:00
025_048,20992,32768,none,0.0,1.0,core,10.6,1.0,grounded,274.1,alphaearth,2026-09-08T17:04:05.861996+00:00
025_048,20992,33792,none,0.0,1.0,core,14.9,1.0,grounded,263.2,alphaearth,2026-09-08T17:04:05.861996+00:00
025_048,21504,15360,crevasse,0.26825,1.0,core,0.0,1.0,grounded,29.1,alphaearth,2026-09-08T17:04:05.861996+00:00
025_048,21504,16384,crevasse,0.651337,1.0,core,0.0,1.0,grounded,51.1,alphaearth,2026-09-08T17:04:05.861996+00:00
025_048,21504,17408,crevasse,0.753643,1.0,core,0.0,1.0,grounded,49.3,alphaearth,2026-09-08T17:04:05.861996+00:00
025_048,21504,17920,crevasse,0.553173,1.0,core,0.0,1.0,grounded,60.5,alphaearth,2026-09-08T17:04:05.861996+00:00
025_048,21504,18432,crevasse,0.986481,1.0,core,0.0,1.0,grounded,206.2,alphaearth,2026-09-08T17:04:05.861996+00:00
025_048,21504,27648,crevasse,0.889053,1.0,core,0.0,1.0,grounded,398.5,alphaearth,2026-09-08T17:04:05.861996+00:00
025_048,21504,28160,crevasse,0.713627,1.0,core,0.0,1.0,grounded,362.0,alphaearth,2026-09-08T17:04:05.861996+00:00
025_048,21504,31232,none,0.0,1.0,core,2.6,1.0,grounded,290.1,alphaearth,2026-09-08T17:04:05.861996+00:00
025_048,21504,31744,none,0.0,1.0,core,5.1,1.0,grounded,287.0,alphaearth,2026-09-08T17:04:05.861996+00:00
025_048,22016,15872,crevasse,0.251221,1.0,core,0.0,1.0,grounded,31.4,alphaearth,2026-09-08T17:04:05.861996+00:00
025_048,22016,16384,crevasse,0.64996,1.0,core,0.0,1.0,grounded,53.2,alphaearth,2026-09-08T17:04:05.861996+00:00
025_048,22016,17408,crevasse,0.739681,1.0,core,0.0,1.0,grounded,59.4,alphaearth,2026-09-08T17:04:05.861996+00:00
025_048,22016,17920,crevasse,0.764374,1.0,core,0.0,1.0,grounded,83.1,alphaearth,2026-09-08T17:04:05.861996+00:00
025_048,22016,19456,crevasse,0.999798,1.0,core,0.0,1.0,grounded,754.4,alphaearth,2026-09-08T17:04:05.861996+00:00
025_048,22016,26624,crevasse,0.8545,1.0,core,0.0,1.0,grounded,481.3,alphaearth,2026-09-08T17:04:05.861996+00:00
025_048,22016,31232,none,0.0,1.0,core,2.6,1.0,grounded,284.1,alphaearth,2026-09-08T17:04:05.861996+00:00
025_048,22016,31744,none,0.0,1.0,core,3.6,1.0,grounded,282.8,alphaearth,2026-09-08T17:04:05.861996+00:00
025_048,22016,32768,none,0.0,1.0,core,8.1,1.0,grounded,279.8,alphaearth,2026-09-08T17:04:05.861996+00:00
025_048,22528,9728,none,0.0,1.0,core,13.1,1.0,grounded,50.2,alphaearth,2026-09-08T17:04:05.861996+00:00
025_048,22528,16384,crevasse,0.359806,1.0,core,0.0,1.0,grounded,26.2,alphaearth,2026-09-08T17:04:05.861996+00:00
025_048,22528,16896,crevasse,0.533504,1.0,core,0.0,1.0,grounded,44.7,alphaearth,2026-09-08T17:04:05.861996+00:00
025_048,22528,17408,crevasse,0.439472,1.0,core,0.0,1.0,grounded,66.2,alphaearth,2026-09-08T17:04:05.861996+00:00
025_048,22528,17920,crevasse,0.892818,1.0,core,0.0,1.0,grounded,107.9,alphaearth,2026-09-08T17:04:05.861996+00:00
025_048,22528,29184,none,0.0,1.0,core,2.6,1.0,grounded,375.5,alphaearth,2026-09-08T17:04:05.861996+00:00
025_048,22528,29696,none,0.0,1.0,core,2.6,1.0,grounded,354.0,alphaearth,2026-09-08T17:04:05.861996+00:00
025_048,22528,33280,none,0.0,1.0,core,10.2,1.0,grounded,270.5,alphaearth,2026-09-08T17:04:05.861996+00:00
025_048,23040,9728,none,0.0,1.0,core,15.6,1.0,grounded,54.8,alphaearth,2026-09-08T17:04:05.861996+00:00
025_048,23040,16896,crevasse,0.418629,1.0,core,0.0,1.0,grounded,29.4,alphaearth,2026-09-08T17:04:05.861996+00:00
025_048,23040,17408,crevasse,0.544205,1.0,core,0.0,1.0,grounded,57.2,alphaearth,2026-09-08T17:04:05.861996+00:00
025_048,23040,17920,crevasse,0.848923,1.0,core,0.0,1.0,grounded,92.7,alphaearth,2026-09-08T17:04:05.861996+00:00
025_048,23040,18432,crevasse,0.998146,1.0,core,0.0,1.0,grounded,153.6,alphaearth,2026-09-08T17:04:05.861996+00:00
025_048,23040,28672,none,0.0,1.0,core,2.6,1.0,grounded,388.6,alphaearth,2026-09-08T17:04:05.861996+00:00
025_048,23040,29184,none,0.0,1.0,core,2.6,1.0,grounded,371.8,alphaearth,2026-09-08T17:04:05.861996+00:00
025_048,23040,29696,none,0.0,1.0,core,3.6,1.0,grounded,345.1,alphaearth,2026-09-08T17:04:05.861996+00:00
025_048,23040,31232,none,0.0,1.0,core,2.6,1.0,grounded,284.7,alphaearth,2026-09-08T17:04:05.861996+00:00
025_048,23040,32768,none,0.0,1.0,core,8.1,1.0,grounded,264.7,alphaearth,2026-09-08T17:04:05.861996+00:00
025_048,23040,33280,none,0.0,1.0,core,10.6,1.0,grounded,264.4,alphaearth,2026-09-08T17:04:05.861996+00:00
025_048,23552,9728,none,0.0,1.0,core,14.9,1.0,grounded,66.2,alphaearth,2026-09-08T17:04:05.861996+00:00
025_048,23552,16896,crevasse,0.300571,1.0,core,0.0,1.0,grounded,21.2,alphaearth,2026-09-08T17:04:05.861996+00:00
025_048,23552,17408,crevasse,0.890327,1.0,core,0.0,1.0,grounded,39.9,alphaearth,2026-09-08T17:04:05.861996+00:00
025_048,23552,17920,crevasse,0.965363,1.0,core,0.0,1.0,grounded,88.0,alphaearth,2026-09-08T17:04:05.861996+00:00
025_048,23552,18944,crevasse,0.999985,1.0,core,0.0,1.0,grounded,509.8,alphaearth,2026-09-08T17:04:05.861996+00:00
025_048,23552,30720,none,0.0,1.0,core,5.1,1.0,grounded,300.4,alphaearth,2026-09-08T17:04:05.861996+00:00
025_048,23552,32768,none,0.0,1.0,core,9.2,1.0,grounded,258.1,alphaearth,2026-09-08T17:04:05.861996+00:00
025_048,23552,33280,none,0.0,1.0,core,11.4,1.0,grounded,253.0,alphaearth,2026-09-08T17:04:05.861996+00:00
025_048,24064,10240,none,0.0,1.0,core,11.4,1.0,grounded,23.2,alphaearth,2026-09-08T17:04:05.861996+00:00
025_048,24064,17408,crevasse,0.723175,1.0,core,0.0,1.0,grounded,26.5,alphaearth,2026-09-08T17:04:05.861996+00:00
025_048,24064,17920,crevasse,0.996624,1.0,core,0.0,1.0,grounded,63.0,alphaearth,2026-09-08T17:04:05.861996+00:00
025_048,24064,18944,crevasse,0.999992,1.0,core,0.0,1.0,grounded,642.4,alphaearth,2026-09-08T17:04:05.861996+00:00
025_048,24064,26112,crevasse,0.999874,1.0,core,0.0,1.0,grounded,585.6,alphaearth,2026-09-08T17:04:05.861996+00:00
025_048,24064,26624,crevasse,0.999775,1.0,core,0.0,1.0,grounded,509.9,alphaearth,2026-09-08T17:04:05.861996+00:00
025_048,24064,27136,crevasse,0.986675,1.0,core,0.0,1.0,grounded,435.2,alphaearth,2026-09-08T17:04:05.861996+00:00
025_048,24064,30208,none,0.0,1.0,core,2.6,1.0,grounded,277.6,alphaearth,2026-09-08T17:04:05.861996+00:00
025_048,24064,30720,none,0.0,1.0,core,2.6,1.0,grounded,268.8,alphaearth,2026-09-08T17:04:05.861996+00:00
025_048,24064,32768,none,0.0,1.0,core,10.6,1.0,grounded,243.0,alphaearth,2026-09-08T17:04:05.861996+00:00
025_048,24064,33280,none,0.0,1.0,core,12.8,1.0,grounded,238.6,alphaearth,2026-09-08T17:04:05.861996+00:00
025_048,24576,9728,none,0.0,1.0,core,13.1,1.0,grounded,84.5,alphaearth,2026-09-08T17:04:05.861996+00:00
025_048,24576,17408,crevasse,0.613914,1.0,core,0.0,1.0,grounded,23.6,alphaearth,2026-09-08T17:04:05.861996+00:00
025_048,24576,17920,crevasse,0.992622,1.0,core,0.0,1.0,grounded,43.5,alphaearth,2026-09-08T17:04:05.861996+00:00
025_048,24576,18432,crevasse,0.99966,1.0,core,0.0,1.0,grounded,211.8,alphaearth,2026-09-08T17:04:05.861996+00:00
025_048,24576,18944,crevasse,1.0,1.0,core,0.0,1.0,grounded,755.0,alphaearth,2026-09-08T17:04:05.861996+00:00
025_048,24576,25600,crevasse,0.99889,1.0,core,0.0,1.0,grounded,636.7,alphaearth,2026-09-08T17:04:05.861996+00:00
025_048,24576,26112,crevasse,0.998035,1.0,core,0.0,1.0,grounded,539.8,alphaearth,2026-09-08T17:04:05.861996+00:00
025_048,24576,26624,crevasse,0.99984,1.0,core,0.0,1.0,grounded,508.5,alphaearth,2026-09-08T17:04:05.861996+00:00
025_048,24576,27136,crevasse,0.999992,1.0,core,0.0,1.0,grounded,480.0,alphaearth,2026-09-08T17:04:05.861996+00:00
025_048,24576,32256,none,0.0,1.0,core,7.7,1.0,grounded,213.5,alphaearth,2026-09-08T17:04:05.861996+00:00
025_048,24576,32768,none,0.0,1.0,core,10.2,1.0,grounded,207.9,alphaearth,2026-09-08T17:04:05.861996+00:00
025_048,24576,33280,none,0.0,1.0,core,12.8,1.0,grounded,206.1,alphaearth,2026-09-08T17:04:05.861996+00:00
025_048,24576,33792,none,0.0,1.0,core,15.4,1.0,grounded,198.2,alphaearth,2026-09-08T17:04:05.861996+00:00
025_048,25088,9728,none,0.0,1.0,core,12.8,1.0,grounded,83.1,alphaearth,2026-09-08T17:04:05.861996+00:00
025_048,25088,17920,crevasse,0.786373,1.0,core,0.0,1.0,grounded,28.0,alphaearth,2026-09-08T17:04:05.861996+00:00
025_048,25088,26112,crevasse,0.999683,1.0,core,0.0,1.0,grounded,495.4,alphaearth,2026-09-08T17:04:05.861996+00:00
025_048,25088,27136,crevasse,0.999989,1.0,core,0.0,1.0,grounded,450.4,alphaearth,2026-09-08T17:04:05.861996+00:00
025_048,25088,28160,crevasse,0.681183,1.0,core,0.0,1.0,grounded,303.8,alphaearth,2026-09-08T17:04:05.861996+00:00
025_048,25088,30720,none,0.0,1.0,core,2.6,1.0,grounded,170.4,alphaearth,2026-09-08T17:04:05.861996+00:00
025_048,25088,31232,none,0.0,1.0,core,3.6,1.0,grounded,177.9,alphaearth,2026-09-08T17:04:05.861996+00:00
025_048,25088,31744,none,0.0,1.0,core,5.7,1.0,grounded,183.5,alphaearth,2026-09-08T17:04:05.861996+00:00
025_048,25088,32256,none,0.0,1.0,core,8.1,1.0,grounded,175.1,alphaearth,2026-09-08T17:04:05.861996+00:00
025_048,25088,32768,none,0.0,1.0,core,10.6,1.0,grounded,167.8,alphaearth,2026-09-08T17:04:05.861996+00:00
025_048,25088,33280,none,0.0,1.0,core,13.1,1.0,grounded,160.3,alphaearth,2026-09-08T17:04:05.861996+00:00
025_048,25088,33792,none,0.0,1.0,core,15.6,1.0,grounded,143.1,alphaearth,2026-09-08T17:04:05.861996+00:00
025_048,25600,9728,none,0.0,1.0,core,12.8,1.0,grounded,75.8,alphaearth,2026-09-08T17:04:05.861996+00:00
025_048,25600,10240,none,0.0,1.0,core,10.2,1.0,grounded,17.3,alphaearth,2026-09-08T17:04:05.861996+00:00
025_048,25600,15360,crevasse,0.425011,1.0,core,0.0,1.0,grounded,30.3,alphaearth,2026-09-08T17:04:05.861996+00:00
025_048,25600,16384,crevasse,0.44136,1.0,core,0.0,1.0,grounded,19.4,alphaearth,2026-09-08T17:04:05.861996+00:00
025_048,25600,16896,crevasse,0.259258,1.0,core,0.0,1.0,grounded,17.9,alphaearth,2026-09-08T17:04:05.861996+00:00
025_048,25600,17920,crevasse,0.592541,1.0,core,0.0,1.0,grounded,22.3,alphaearth,2026-09-08T17:04:05.861996+00:00
025_048,25600,25088,crevasse,0.999733,1.0,core,0.0,1.0,grounded,761.8,alphaearth,2026-09-08T17:04:05.861996+00:00
025_048,25600,26624,crevasse,0.996552,1.0,core,0.0,1.0,grounded,426.5,alphaearth,2026-09-08T17:04:05.861996+00:00
025_048,25600,28160,crevasse,0.999104,1.0,core,0.0,1.0,grounded,299.4,alphaearth,2026-09-08T17:04:05.861996+00:00
025_048,25600,28672,crevasse,0.477161,1.0,core,0.0,1.0,grounded,194.2,alphaearth,2026-09-08T17:04:05.861996+00:00
025_048,25600,30720,none,0.0,1.0,core,2.6,1.0,grounded,97.0,alphaearth,2026-09-08T17:04:05.861996+00:00
025_048,25600,31744,none,0.0,1.0,core,7.2,1.0,grounded,103.5,alphaearth,2026-09-08T17:04:05.861996+00:00
025_048,25600,32768,none,0.0,1.0,core,11.4,1.0,grounded,95.0,alphaearth,2026-09-08T17:04:05.861996+00:00
025_048,25600,33280,none,0.0,1.0,core,13.8,1.0,grounded,90.9,alphaearth,2026-09-08T17:04:05.861996+00:00
025_048,25600,33792,none,0.0,1.0,core,16.2,1.0,grounded,85.8,alphaearth,2026-09-08T17:04:05.861996+00:00
025_048,26112,9728,none,0.0,1.0,core,13.1,1.0,grounded,85.2,alphaearth,2026-09-08T17:04:05.861996+00:00
025_048,26112,14848,crevasse,0.784348,1.0,core,0.0,1.0,grounded,58.9,alphaearth,2026-09-08T17:04:05.861996+00:00
025_048,26112,15360,crevasse,0.690418,1.0,core,0.0,1.0,grounded,49.7,alphaearth,2026-09-08T17:04:05.861996+00:00
025_048,26112,15872,crevasse,0.299046,1.0,core,0.0,1.0,grounded,24.3,alphaearth,2026-09-08T17:04:05.861996+00:00
025_048,26112,16384,crevasse,0.639061,1.0,core,0.0,1.0,grounded,30.3,alphaearth,2026-09-08T17:04:05.861996+00:00
025_048,26112,16896,crevasse,0.916382,1.0,core,0.0,1.0,grounded,29.6,alphaearth,2026-09-08T17:04:05.861996+00:00
025_048,26112,17408,crevasse,0.315475,1.0,core,0.0,1.0,grounded,17.1,alphaearth,2026-09-08T17:04:05.861996+00:00
025_048,26112,17920,crevasse,0.461632,1.0,core,0.0,1.0,grounded,20.0,alphaearth,2026-09-08T17:04:05.861996+00:00
025_048,26112,18432,crevasse,0.999187,1.0,core,0.0,1.0,grounded,330.8,alphaearth,2026-09-08T17:04:05.861996+00:00
025_048,26112,25600,crevasse,0.965973,1.0,core,0.0,1.0,grounded,472.1,alphaearth,2026-09-08T17:04:05.861996+00:00
025_048,26112,26112,crevasse,0.995792,1.0,core,0.0,1.0,grounded,415.6,alphaearth,2026-09-08T17:04:05.861996+00:00
025_048,26112,27648,crevasse,0.995651,1.0,core,0.0,1.0,grounded,263.7,alphaearth,2026-09-08T17:04:05.861996+00:00
025_048,26112,30208,none,0.0,1.0,core,2.6,1.0,grounded,72.8,alphaearth,2026-09-08T17:04:05.861996+00:00
025_048,26112,30720,none,0.0,1.0,core,3.6,1.0,grounded,68.2,alphaearth,2026-09-08T17:04:05.861996+00:00
025_048,26112,31232,none,0.0,1.0,core,5.7,1.0,grounded,60.9,alphaearth,2026-09-08T17:04:05.861996+00:00
025_048,26112,31744,none,0.0,1.0,core,8.1,1.0,grounded,64.1,alphaearth,2026-09-08T17:04:05.861996+00:00
025_048,26112,32256,none,0.0,1.0,core,10.6,1.0,grounded,59.9,alphaearth,2026-09-08T17:04:05.861996+00:00
025_048,26112,32768,none,0.0,1.0,core,12.8,1.0,grounded,62.3,alphaearth,2026-09-08T17:04:05.861996+00:00
025_048,26112,33280,none,0.0,1.0,core,14.9,1.0,grounded,60.3,alphaearth,2026-09-08T17:04:05.861996+00:00
025_048,26624,9728,none,0.0,1.0,core,13.8,1.0,grounded,107.5,alphaearth,2026-09-08T17:04:05.861996+00:00
025_048,26624,14848,crevasse,0.437706,1.0,core,0.0,1.0,grounded,56.6,alphaearth,2026-09-08T17:04:05.861996+00:00
025_048,26624,15360,crevasse,0.850349,1.0,core,0.0,1.0,grounded,97.5,alphaearth,2026-09-08T17:04:05.861996+00:00
025_048,26624,15872,crevasse,0.908295,1.0,core,0.0,1.0,grounded,57.5,alphaearth,2026-09-08T17:04:05.861996+00:00
025_048,26624,16384,crevasse,0.939011,1.0,core,0.0,1.0,grounded,51.2,alphaearth,2026-09-08T17:04:05.861996+00:00
025_048,26624,16896,crevasse,0.914402,1.0,core,0.0,1.0,grounded,60.8,alphaearth,2026-09-08T17:04:05.861996+00:00
025_048,26624,17408,crevasse,0.800735,1.0,core,0.0,1.0,grounded,33.0,alphaearth,2026-09-08T17:04:05.861996+00:00
025_048,26624,17920,crevasse,0.785896,1.0,core,0.0,0.875,grounded,41.3,alphaearth,2026-09-08T17:04:05.861996+00:00
025_048,26624,26112,crevasse,0.999249,1.0,core,0.0,1.0,grounded,328.7,alphaearth,2026-09-08T17:04:05.861996+00:00
025_048,26624,26624,crevasse,0.994427,1.0,core,0.0,1.0,grounded,297.0,alphaearth,2026-09-08T17:04:05.861996+00:00
025_048,26624,27136,crevasse,0.999054,1.0,core,0.0,1.0,grounded,205.5,alphaearth,2026-09-08T17:04:05.861996+00:00
025_048,26624,28160,crevasse,0.777576,1.0,core,0.0,1.0,grounded,105.9,alphaearth,2026-09-08T17:04:05.861996+00:00
025_048,26624,28672,crevasse,0.585953,1.0,core,0.0,1.0,grounded,75.9,alphaearth,2026-09-08T17:04:05.861996+00:00
025_048,26624,31744,none,0.0,1.0,core,7.2,1.0,grounded,31.8,alphaearth,2026-09-08T17:04:05.861996+00:00
025_048,27136,9728,none,0.0,1.0,core,14.9,1.0,grounded,148.3,alphaearth,2026-09-08T17:04:05.861996+00:00
025_048,27136,10240,none,0.0,1.0,core,12.8,1.0,grounded,45.5,alphaearth,2026-09-08T17:04:05.861996+00:00
025_048,27136,10752,none,0.0,1.0,core,10.2,1.0,grounded,19.5,alphaearth,2026-09-08T17:04:05.861996+00:00
025_048,27136,11264,none,0.0,1.0,core,7.7,1.0,grounded,15.2,alphaearth,2026-09-08T17:04:05.861996+00:00
025_048,27136,14848,crevasse,0.258251,1.0,core,0.0,1.0,grounded,44.4,alphaearth,2026-09-08T17:04:05.861996+00:00
025_048,27136,16384,crevasse,0.754372,1.0,core,0.0,0.875,grounded,105.8,alphaearth,2026-09-08T17:04:05.861996+00:00
025_048,27136,16896,crevasse,0.541763,1.0,core,0.0,0.75,grounded,94.9,alphaearth,2026-09-08T17:04:05.861996+00:00
025_048,27136,25600,crevasse,0.996674,1.0,core,0.0,1.0,grounded,260.4,alphaearth,2026-09-08T17:04:05.861996+00:00
025_048,27136,27136,crevasse,0.990517,1.0,core,0.0,1.0,grounded,96.9,alphaearth,2026-09-08T17:04:05.861996+00:00
025_048,27136,27648,crevasse,0.939144,1.0,core,0.0,1.0,grounded,83.7,alphaearth,2026-09-08T17:04:05.861996+00:00
025_048,27136,28160,crevasse,0.762909,1.0,core,0.0,1.0,grounded,73.1,alphaearth,2026-09-08T17:04:05.861996+00:00
025_048,27136,28672,crevasse,0.677177,1.0,core,0.0,1.0,grounded,53.4,alphaearth,2026-09-08T17:04:05.861996+00:00
025_048,27136,32256,none,0.0,1.0,core,8.1,1.0,grounded,18.4,alphaearth,2026-09-08T17:04:05.861996+00:00
025_048,27648,9728,none,0.0,1.0,core,15.6,1.0,grounded,216.8,alphaearth,2026-09-08T17:04:05.861996+00:00
025_048,27648,24576,crevasse,0.770882,1.0,core,0.0,0.75,grounded,730.7,alphaearth,2026-09-08T17:04:05.861996+00:00
025_048,27648,25088,crevasse,0.995678,1.0,core,0.0,1.0,grounded,256.2,alphaearth,2026-09-08T17:04:05.861996+00:00
025_048,27648,25600,crevasse,0.98259,1.0,core,0.0,1.0,grounded,158.7,alphaearth,2026-09-08T17:04:05.861996+00:00
025_048,27648,26624,crevasse,0.996731,1.0,core,0.0,1.0,grounded,82.6,alphaearth,2026-09-08T17:04:05.861996+00:00
025_048,27648,27136,crevasse,0.991142,1.0,core,0.0,1.0,grounded,67.6,alphaearth,2026-09-08T17:04:05.861996+00:00
025_048,27648,27648,crevasse,0.988701,1.0,core,0.0,1.0,grounded,61.8,alphaearth,2026-09-08T17:04:05.861996+00:00
025_048,27648,28160,crevasse,0.825539,1.0,core,0.0,1.0,grounded,51.9,alphaearth,2026-09-08T17:04:05.861996+00:00
025_048,27648,28672,crevasse,0.773716,1.0,core,0.0,1.0,grounded,39.7,alphaearth,2026-09-08T17:04:05.861996+00:00
025_048,27648,31744,none,0.0,1.0,core,5.1,1.0,grounded,16.3,alphaearth,2026-09-08T17:04:05.861996+00:00
025_048,28160,10240,none,0.0,1.0,core,13.8,1.0,grounded,170.1,alphaearth,2026-09-08T17:04:05.861996+00:00
025_048,28160,10752,none,0.0,1.0,core,11.4,1.0,grounded,37.0,alphaearth,2026-09-08T17:04:05.861996+00:00
025_048,28160,24576,crevasse,0.596081,1.0,core,0.0,0.688,grounded,564.2,alphaearth,2026-09-08T17:04:05.861996+00:00
025_048,28160,25600,crevasse,0.982986,1.0,core,0.0,1.0,grounded,117.1,alphaearth,2026-09-08T17:04:05.861996+00:00
025_048,28160,26112,crevasse,0.961624,1.0,core,0.0,1.0,grounded,108.7,alphaearth,2026-09-08T17:04:05.861996+00:00
025_048,28160,26624,crevasse,0.984528,1.0,core,0.0,1.0,grounded,79.1,alphaearth,2026-09-08T17:04:05.861996+00:00
025_048,28160,27136,crevasse,0.993031,1.0,core,0.0,1.0,grounded,73.7,alphaearth,2026-09-08T17:04:05.861996+00:00
025_048,28160,27648,crevasse,0.997532,1.0,core,0.0,1.0,grounded,58.9,alphaearth,2026-09-08T17:04:05.861996+00:00
025_048,28160,28160,crevasse,0.915527,1.0,core,0.0,1.0,grounded,46.9,alphaearth,2026-09-08T17:04:05.861996+00:00
025_048,28160,28672,crevasse,0.58746,1.0,core,0.0,1.0,grounded,42.4,alphaearth,2026-09-08T17:04:05.861996+00:00
025_048,28160,29184,crevasse,0.326843,1.0,core,0.0,1.0,grounded,36.4,alphaearth,2026-09-08T17:04:05.861996+00:00
025_048,28672,9728,none,0.0,1.0,core,17.2,1.0,grounded,252.1,alphaearth,2026-09-08T17:04:05.861996+00:00
025_048,28672,10752,none,0.0,1.0,core,12.8,1.0,grounded,86.4,alphaearth,2026-09-08T17:04:05.861996+00:00
025_048,28672,25088,crevasse,0.969486,1.0,core,0.0,0.938,grounded,151.2,alphaearth,2026-09-08T17:04:05.861996+00:00
025_048,28672,27136,crevasse,0.996483,1.0,core,0.0,1.0,grounded,98.2,alphaearth,2026-09-08T17:04:05.861996+00:00
025_048,28672,27648,crevasse,0.994946,1.0,core,0.0,1.0,grounded,85.4,alphaearth,2026-09-08T17:04:05.861996+00:00
025_048,28672,28160,crevasse,0.922554,1.0,core,0.0,1.0,grounded,62.4,alphaearth,2026-09-08T17:04:05.861996+00:00
025_048,28672,28672,crevasse,0.797474,1.0,core,0.0,1.0,grounded,52.6,alphaearth,2026-09-08T17:04:05.861996+00:00
025_048,28672,29184,crevasse,0.518681,1.0,core,0.0,1.0,grounded,38.5,alphaearth,2026-09-08T17:04:05.861996+00:00
025_048,29184,10240,none,0.0,1.0,core,15.4,1.0,grounded,223.3,alphaearth,2026-09-08T17:04:05.861996+00:00
025_048,29184,10752,none,0.0,1.0,core,12.8,1.0,grounded,153.1,alphaearth,2026-09-08T17:04:05.861996+00:00
025_048,29184,25600,crevasse,0.912132,1.0,core,0.0,0.938,grounded,225.9,alphaearth,2026-09-08T17:04:05.861996+00:00
025_048,29184,26112,crevasse,0.976181,1.0,core,0.0,1.0,grounded,213.0,alphaearth,2026-09-08T17:04:05.861996+00:00
025_048,29184,27136,crevasse,0.996681,1.0,core,0.0,1.0,grounded,135.3,alphaearth,2026-09-08T17:04:05.861996+00:00
025_048,29184,27648,crevasse,0.993927,1.0,core,0.0,1.0,grounded,115.7,alphaearth,2026-09-08T17:04:05.861996+00:00
025_048,29184,28160,crevasse,0.842346,1.0,core,0.0,1.0,grounded,73.2,alphaearth,2026-09-08T17:04:05.861996+00:00
025_048,29184,28672,crevasse,0.48336,1.0,core,0.0,1.0,grounded,48.9,alphaearth,2026-09-08T17:04:05.861996+00:00
025_048,29184,29184,crevasse,0.469929,1.0,core,0.0,1.0,grounded,37.2,alphaearth,2026-09-08T17:04:05.861996+00:00
025_048,29184,31744,none,0.0,1.0,core,2.6,1.0,grounded,17.2,alphaearth,2026-09-08T17:04:05.861996+00:00
025_048,29696,9728,none,0.0,1.0,core,18.1,1.0,grounded,196.8,alphaearth,2026-09-08T17:04:05.861996+00:00
025_048,29696,10240,none,0.0,1.0,core,15.6,1.0,grounded,207.4,alphaearth,2026-09-08T17:04:05.861996+00:00
025_048,29696,10752,none,0.0,1.0,core,13.1,1.0,grounded,179.7,alphaearth,2026-09-08T17:04:05.861996+00:00
025_048,29696,11264,none,0.0,1.0,core,10.6,1.0,grounded,41.9,alphaearth,2026-09-08T17:04:05.861996+00:00
025_048,29696,26624,crevasse,0.996395,1.0,core,0.0,1.0,grounded,196.1,alphaearth,2026-09-08T17:04:05.861996+00:00
025_048,29696,27648,crevasse,0.987411,1.0,core,0.0,1.0,grounded,100.5,alphaearth,2026-09-08T17:04:05.861996+00:00
025_048,29696,28160,crevasse,0.625751,1.0,core,0.0,1.0,grounded,53.8,alphaearth,2026-09-08T17:04:05.861996+00:00
025_048,29696,32768,none,0.0,1.0,core,2.6,1.0,grounded,21.7,alphaearth,2026-09-08T17:04:05.861996+00:00
025_048,29696,33280,none,0.0,1.0,core,2.6,1.0,grounded,21.3,alphaearth,2026-09-08T17:04:05.861996+00:00
025_048,30208,9728,none,0.0,1.0,core,18.6,1.0,grounded,158.6,alphaearth,2026-09-08T17:04:05.861996+00:00
025_048,30208,10240,none,0.0,1.0,core,16.2,1.0,grounded,196.4,alphaearth,2026-09-08T17:04:05.861996+00:00
025_048,30208,10752,none,0.0,1.0,core,13.8,1.0,grounded,186.7,alphaearth,2026-09-08T17:04:05.861996+00:00
025_048,30208,26624,crevasse,0.960735,1.0,core,0.0,1.0,grounded,82.5,alphaearth,2026-09-08T17:04:05.861996+00:00
025_048,30208,27136,crevasse,0.801311,1.0,core,0.0,1.0,grounded,46.7,alphaearth,2026-09-08T17:04:05.861996+00:00
025_048,30208,27648,crevasse,0.674774,1.0,core,0.0,1.0,grounded,29.4,alphaearth,2026-09-08T17:04:05.861996+00:00
025_048,30720,9728,none,0.0,1.0,core,19.5,1.0,grounded,136.3,alphaearth,2026-09-08T17:04:05.861996+00:00
025_048,30720,10240,none,0.0,1.0,core,17.2,1.0,grounded,185.1,alphaearth,2026-09-08T17:04:05.861996+00:00
025_048,30720,10752,none,0.0,1.0,core,14.9,1.0,grounded,191.0,alphaearth,2026-09-08T17:04:05.861996+00:00
025_048,30720,11264,none,0.0,1.0,core,12.8,1.0,grounded,149.6,alphaearth,2026-09-08T17:04:05.861996+00:00
025_048,30720,11776,none,0.0,1.0,core,10.6,1.0,grounded,52.8,alphaearth,2026-09-08T17:04:05.861996+00:00
025_048,30720,26112,crevasse,0.80592,1.0,core,0.0,1.0,grounded,41.8,alphaearth,2026-09-08T17:04:05.861996+00:00
025_048,30720,26624,crevasse,0.479076,1.0,core,0.0,1.0,grounded,29.2,alphaearth,2026-09-08T17:04:05.861996+00:00
025_048,30720,27136,crevasse,0.257812,1.0,core,0.0,1.0,grounded,23.8,alphaearth,2026-09-08T17:04:05.861996+00:00
025_048,30720,29184,crevasse,0.503792,1.0,core,0.0,1.0,grounded,51.0,alphaearth,2026-09-08T17:04:05.861996+00:00
025_048,30720,29696,crevasse,0.765881,1.0,core,0.0,1.0,grounded,48.1,alphaearth,2026-09-08T17:04:05.861996+00:00
025_048,30720,30208,crevasse,0.51173,1.0,core,0.0,1.0,grounded,46.2,alphaearth,2026-09-08T17:04:05.861996+00:00
025_048,31232,9728,none,0.0,1.0,core,20.6,1.0,grounded,120.2,alphaearth,2026-09-08T17:04:05.861996+00:00
025_048,31232,10240,none,0.0,1.0,core,18.5,1.0,grounded,156.5,alphaearth,2026-09-08T17:04:05.861996+00:00
025_048,31232,10752,none,0.0,1.0,core,16.2,0.875,grounded,187.6,alphaearth,2026-09-08T17:04:05.861996+00:00
025_048,31232,25600,crevasse,0.513245,1.0,core,0.0,0.75,grounded,34.8,alphaearth,2026-09-08T17:04:05.861996+00:00
025_048,31232,28160,crevasse,0.352135,1.0,core,0.0,1.0,grounded,54.6,alphaearth,2026-09-08T17:04:05.861996+00:00
025_048,31232,28672,crevasse,0.640301,1.0,core,0.0,1.0,grounded,67.9,alphaearth,2026-09-08T17:04:05.861996+00:00
025_048,31232,29184,crevasse,0.899155,1.0,core,0.0,1.0,grounded,87.2,alphaearth,2026-09-08T17:04:05.861996+00:00
025_048,31232,29696,crevasse,0.5774,1.0,core,0.0,1.0,grounded,78.1,alphaearth,2026-09-08T17:04:05.861996+00:00
025_048,31232,33280,none,0.0,1.0,core,2.6,1.0,grounded,43.6,alphaearth,2026-09-08T17:04:05.861996+00:00
025_048,31232,33792,none,0.0,1.0,core,2.6,1.0,grounded,39.5,alphaearth,2026-09-08T17:04:05.861996+00:00
025_048,31744,25600,crevasse,0.52449,1.0,core,0.0,0.562,grounded,40.4,alphaearth,2026-09-08T17:04:05.861996+00:00
025_048,31744,26112,crevasse,0.263744,1.0,core,0.0,1.0,grounded,19.2,alphaearth,2026-09-08T17:04:05.861996+00:00
025_048,31744,27136,crevasse,0.489544,1.0,core,0.0,1.0,grounded,57.1,alphaearth,2026-09-08T17:04:05.861996+00:00
025_048,31744,27648,crevasse,0.755318,1.0,core,0.0,1.0,grounded,129.0,alphaearth,2026-09-08T17:04:05.861996+00:00
025_048,31744,28160,crevasse,0.961296,1.0,core,0.0,1.0,grounded,140.8,alphaearth,2026-09-08T17:04:05.861996+00:00
025_048,31744,28672,crevasse,0.719501,1.0,core,0.0,1.0,grounded,107.4,alphaearth,2026-09-08T17:04:05.861996+00:00
025_048,31744,29696,crevasse,0.275154,1.0,core,0.0,1.0,grounded,105.7,alphaearth,2026-09-08T17:04:05.861996+00:00
025_048,31744,32768,none,0.0,1.0,core,2.6,1.0,grounded,56.9,alphaearth,2026-09-08T17:04:05.861996+00:00
025_048,31744,33792,none,0.0,1.0,core,5.1,1.0,grounded,42.1,alphaearth,2026-09-08T17:04:05.861996+00:00
025_048,32256,15872,crevasse,0.374405,1.0,core,0.0,1.0,grounded,78.8,alphaearth,2026-09-08T17:04:05.861996+00:00
025_048,32256,26624,crevasse,0.634346,1.0,core,0.0,0.812,grounded,102.9,alphaearth,2026-09-08T17:04:05.861996+00:00
025_048,32256,27136,crevasse,0.957664,1.0,core,0.0,1.0,grounded,203.9,alphaearth,2026-09-08T17:04:05.861996+00:00
025_048,32256,27648,crevasse,0.999741,1.0,core,0.0,1.0,grounded,262.7,alphaearth,2026-09-08T17:04:05.861996+00:00
025_048,32256,29184,crevasse,0.502434,1.0,core,0.0,1.0,grounded,118.0,alphaearth,2026-09-08T17:04:05.861996+00:00
025_048,32256,29696,crevasse,0.565384,1.0,core,0.0,1.0,grounded,133.3,alphaearth,2026-09-08T17:04:05.861996+00:00
025_048,32256,32768,none,0.0,1.0,core,2.6,1.0,grounded,64.5,alphaearth,2026-09-08T17:04:05.861996+00:00
025_048,32256,33280,none,0.0,1.0,core,5.1,1.0,grounded,51.8,alphaearth,2026-09-08T17:04:05.861996+00:00
025_048,32256,33792,none,0.0,1.0,core,7.2,1.0,grounded,44.8,alphaearth,2026-09-08T17:04:05.861996+00:00
025_048,32768,15872,crevasse,0.487411,1.0,core,0.0,0.875,grounded,302.4,alphaearth,2026-09-08T17:04:05.861996+00:00
025_048,32768,27648,crevasse,0.993572,1.0,core,0.0,1.0,grounded,306.9,alphaearth,2026-09-08T17:04:05.861996+00:00
025_048,32768,28160,crevasse,0.995289,1.0,core,0.0,1.0,grounded,239.7,alphaearth,2026-09-08T17:04:05.861996+00:00
025_048,32768,28672,crevasse,0.847046,1.0,core,0.0,1.0,grounded,165.7,alphaearth,2026-09-08T17:04:05.861996+00:00
025_048,32768,29184,crevasse,0.665298,1.0,core,0.0,1.0,grounded,156.5,alphaearth,2026-09-08T17:04:05.861996+00:00
025_048,32768,29696,crevasse,0.592438,1.0,core,0.0,1.0,grounded,162.0,alphaearth,2026-09-08T17:04:05.861996+00:00
025_048,32768,32256,none,0.0,1.0,core,2.6,1.0,grounded,83.0,alphaearth,2026-09-08T17:04:05.861996+00:00
025_048,32768,33280,none,0.0,1.0,core,5.7,1.0,grounded,59.4,alphaearth,2026-09-08T17:04:05.861996+00:00
025_048,32768,33792,none,0.0,1.0,core,8.1,1.0,grounded,49.7,alphaearth,2026-09-08T17:04:05.861996+00:00
025_048,33280,28160,crevasse,0.998497,1.0,core,0.0,1.0,grounded,285.2,alphaearth,2026-09-08T17:04:05.861996+00:00
025_048,33280,28672,crevasse,0.85981,1.0,core,0.0,1.0,grounded,255.3,alphaearth,2026-09-08T17:04:05.861996+00:00
025_048,33280,29184,crevasse,0.432053,1.0,core,0.0,1.0,grounded,195.3,alphaearth,2026-09-08T17:04:05.861996+00:00
025_048,33280,29696,crevasse,0.540501,1.0,core,0.0,1.0,grounded,188.0,alphaearth,2026-09-08T17:04:05.861996+00:00
025_048,33280,32256,none,0.0,1.0,core,2.6,1.0,grounded,89.0,alphaearth,2026-09-08T17:04:05.861996+00:00
025_048,33792,15360,crevasse,0.312477,1.0,core,0.0,1.0,grounded,98.8,alphaearth,2026-09-08T17:04:05.861996+00:00
025_048,33792,28160,crevasse,0.987789,1.0,core,0.0,1.0,grounded,386.5,alphaearth,2026-09-08T17:04:05.861996+00:00
025_048,33792,29184,crevasse,0.744717,1.0,core,0.0,1.0,grounded,238.8,alphaearth,2026-09-08T17:04:05.861996+00:00
025_048,33792,32256,none,0.0,1.0,core,2.6,1.0,grounded,95.0,alphaearth,2026-09-08T17:04:05.861996+00:00
025_048,33792,32768,none,0.0,1.0,core,5.1,1.0,grounded,82.4,alphaearth,2026-09-08T17:04:05.861996+00:00
025_048,34304,28160,crevasse,0.94062,1.0,core,0.0,0.938,grounded,405.2,alphaearth,2026-09-08T17:04:05.861996+00:00
025_048,34304,29184,crevasse,0.950153,1.0,core,0.0,1.0,grounded,283.9,alphaearth,2026-09-08T17:04:05.861996+00:00
025_048,34304,30208,crevasse,0.328617,1.0,core,0.0,1.0,grounded,182.5,alphaearth,2026-09-08T17:04:05.861996+00:00
025_048,34304,31744,none,0.0,1.0,core,2.6,1.0,grounded,99.1,alphaearth,2026-09-08T17:04:05.861996+00:00
025_048,34304,33280,none,0.0,1.0,core,8.1,1.0,grounded,68.1,alphaearth,2026-09-08T17:04:05.861996+00:00
025_048,34304,33792,none,0.0,1.0,core,10.6,1.0,grounded,55.8,alphaearth,2026-09-08T17:04:05.861996+00:00
025_048,34816,28672,crevasse,0.916843,1.0,core,0.0,1.0,grounded,328.2,alphaearth,2026-09-08T17:04:05.861996+00:00
025_048,34816,29184,crevasse,0.724125,1.0,core,0.0,1.0,grounded,240.9,alphaearth,2026-09-08T17:04:05.861996+00:00
025_048,34816,32256,none,0.0,1.0,core,5.1,1.0,grounded,79.0,alphaearth,2026-09-08T17:04:05.861996+00:00
025_048,34816,32768,none,0.0,1.0,core,7.2,1.0,grounded,67.9,alphaearth,2026-09-08T17:04:05.861996+00:00
025_048,34816,33280,none,0.0,1.0,core,9.2,1.0,grounded,56.0,alphaearth,2026-09-08T17:04:05.861996+00:00
025_048,34816,33792,none,0.0,1.0,core,11.4,1.0,grounded,48.1,alphaearth,2026-09-08T17:04:05.861996+00:00
025_048,35328,28160,crevasse,0.461208,1.0,core,0.0,0.75,grounded,328.7,alphaearth,2026-09-08T17:04:05.861996+00:00
025_048,35328,28672,crevasse,0.868351,1.0,core,0.0,1.0,grounded,273.2,alphaearth,2026-09-08T17:04:05.861996+00:00
025_048,35328,29184,crevasse,0.456192,1.0,core,0.0,1.0,grounded,210.9,alphaearth,2026-09-08T17:04:05.861996+00:00
025_048,35328,31232,none,0.0,1.0,core,2.6,1.0,grounded,86.4,alphaearth,2026-09-08T17:04:05.861996+00:00
025_048,35328,31744,none,0.0,1.0,core,3.6,1.0,grounded,78.2,alphaearth,2026-09-08T17:04:05.861996+00:00
025_048,35328,32256,none,0.0,1.0,core,5.7,1.0,grounded,71.5,alphaearth,2026-09-08T17:04:05.861996+00:00
025_048,35328,32768,none,0.0,1.0,core,8.1,1.0,grounded,58.5,alphaearth,2026-09-08T17:04:05.861996+00:00
025_048,35328,33280,none,0.0,1.0,core,10.6,1.0,grounded,44.6,alphaearth,2026-09-08T17:04:05.861996+00:00
025_048,35328,33792,none,0.0,1.0,core,12.8,1.0,grounded,37.0,alphaearth,2026-09-08T17:04:05.861996+00:00
025_048,35840,27648,crevasse,0.754326,1.0,core,0.0,0.875,grounded,213.6,alphaearth,2026-09-08T17:04:05.861996+00:00
025_048,35840,28160,crevasse,0.829628,1.0,core,0.0,1.0,grounded,227.9,alphaearth,2026-09-08T17:04:05.861996+00:00
025_048,35840,28672,crevasse,0.538689,1.0,core,0.0,1.0,grounded,232.7,alphaearth,2026-09-08T17:04:05.861996+00:00
025_048,35840,30208,crevasse,0.275387,1.0,core,0.0,1.0,grounded,167.6,alphaearth,2026-09-08T17:04:05.861996+00:00
025_048,35840,30720,crevasse,0.259285,1.0,core,0.0,1.0,grounded,120.5,alphaearth,2026-09-08T17:04:05.861996+00:00
025_048,35840,31232,none,0.0,1.0,core,2.6,1.0,grounded,93.9,alphaearth,2026-09-08T17:04:05.861996+00:00
025_048,35840,31744,none,0.0,1.0,core,5.1,1.0,grounded,84.7,alphaearth,2026-09-08T17:04:05.861996+00:00
025_048,35840,32256,none,0.0,1.0,core,7.2,1.0,grounded,76.3,alphaearth,2026-09-08T17:04:05.861996+00:00
025_048,35840,33280,none,0.0,1.0,core,11.4,1.0,grounded,42.2,alphaearth,2026-09-08T17:04:05.861996+00:00
025_048,35840,33792,none,0.0,1.0,core,13.8,1.0,grounded,38.2,alphaearth,2026-09-08T17:04:05.861996+00:00
025_048,36352,27648,crevasse,0.670353,1.0,core,0.0,1.0,grounded,119.2,alphaearth,2026-09-08T17:04:05.861996+00:00
025_048,36352,28672,crevasse,0.816647,1.0,core,0.0,1.0,grounded,136.9,alphaearth,2026-09-08T17:04:05.861996+00:00
025_048,36352,29184,crevasse,0.638653,1.0,core,0.0,1.0,grounded,153.0,alphaearth,2026-09-08T17:04:05.861996+00:00
025_048,36352,31232,none,0.0,1.0,core,2.6,1.0,grounded,104.3,alphaearth,2026-09-08T17:04:05.861996+00:00
025_048,36352,31744,none,0.0,1.0,core,5.1,1.0,grounded,86.4,alphaearth,2026-09-08T17:04:05.861996+00:00
025_048,36352,32768,none,0.0,1.0,core,10.2,1.0,grounded,54.9,alphaearth,2026-09-08T17:04:05.861996+00:00
025_048,36352,33280,none,0.0,1.0,core,12.8,1.0,grounded,40.2,alphaearth,2026-09-08T17:04:05.861996+00:00
025_048,36352,33792,none,0.0,1.0,core,14.9,1.0,grounded,36.5,alphaearth,2026-09-08T17:04:05.861996+00:00
025_048,36864,27648,crevasse,0.623459,1.0,core,0.0,0.812,grounded,152.6,alphaearth,2026-09-08T17:04:05.861996+00:00
025_048,36864,28160,crevasse,0.918396,1.0,core,0.0,1.0,grounded,126.9,alphaearth,2026-09-08T17:04:05.861996+00:00
025_048,36864,28672,crevasse,0.576191,1.0,core,0.0,1.0,grounded,111.4,alphaearth,2026-09-08T17:04:05.861996+00:00
025_048,36864,29184,crevasse,0.29874,1.0,core,0.0,1.0,grounded,102.4,alphaearth,2026-09-08T17:04:05.861996+00:00
025_048,36864,31232,none,0.0,1.0,core,2.6,1.0,grounded,86.2,alphaearth,2026-09-08T17:04:05.861996+00:00
025_048,36864,32256,none,0.0,1.0,core,7.7,1.0,grounded,71.2,alphaearth,2026-09-08T17:04:05.861996+00:00
025_048,36864,33280,none,0.0,1.0,core,12.8,1.0,grounded,36.6,alphaearth,2026-09-08T17:04:05.861996+00:00
025_048,36864,33792,none,0.0,1.0,core,15.4,1.0,grounded,32.5,alphaearth,2026-09-08T17:04:05.861996+00:00
025_048,37376,28160,crevasse,0.75539,1.0,core,0.0,1.0,grounded,189.9,alphaearth,2026-09-08T17:04:05.861996+00:00
025_048,37376,29184,crevasse,0.262104,1.0,core,0.0,1.0,grounded,128.5,alphaearth,2026-09-08T17:04:05.861996+00:00
025_048,37376,30720,none,0.0,1.0,core,2.6,1.0,grounded,65.4,alphaearth,2026-09-08T17:04:05.861996+00:00
025_048,37376,31232,none,0.0,1.0,core,3.6,1.0,grounded,49.9,alphaearth,2026-09-08T17:04:05.861996+00:00
025_048,37376,31744,none,0.0,1.0,core,5.7,1.0,grounded,53.6,alphaearth,2026-09-08T17:04:05.861996+00:00
025_048,37376,33280,none,0.0,1.0,core,13.1,1.0,grounded,39.3,alphaearth,2026-09-08T17:04:05.861996+00:00
025_048,37376,33792,none,0.0,1.0,core,15.6,1.0,grounded,31.9,alphaearth,2026-09-08T17:04:05.861996+00:00
025_048,37888,12288,none,0.0,1.0,core,23.6,0.625,grounded,118.9,alphaearth,2026-09-08T17:04:05.861996+00:00
025_048,37888,28160,crevasse,0.558613,1.0,core,0.0,0.562,grounded,216.2,alphaearth,2026-09-08T17:04:05.861996+00:00
025_048,37888,28672,crevasse,0.473034,1.0,core,0.0,1.0,grounded,184.9,alphaearth,2026-09-08T17:04:05.861996+00:00
025_048,37888,31232,none,0.0,1.0,core,5.1,1.0,grounded,48.3,alphaearth,2026-09-08T17:04:05.861996+00:00
025_048,37888,31744,none,0.0,1.0,core,7.2,1.0,grounded,46.9,alphaearth,2026-09-08T17:04:05.861996+00:00
025_048,37888,33792,none,0.0,1.0,core,16.2,1.0,grounded,21.9,alphaearth,2026-09-08T17:04:05.861996+00:00
025_048,38400,28160,crevasse,0.567944,1.0,core,0.0,0.875,grounded,152.3,alphaearth,2026-09-08T17:04:05.861996+00:00
025_048,38400,30208,none,0.0,1.0,core,2.6,1.0,grounded,65.1,alphaearth,2026-09-08T17:04:05.861996+00:00
025_048,38400,31744,none,0.0,1.0,core,8.1,1.0,grounded,39.1,alphaearth,2026-09-08T17:04:05.861996+00:00
025_048,38400,33280,none,0.0,1.0,core,14.9,1.0,grounded,18.3,alphaearth,2026-09-08T17:04:05.861996+00:00
025_048,38912,27648,crevasse,0.549595,1.0,core,0.0,0.938,grounded,130.1,alphaearth,2026-09-08T17:04:05.861996+00:00
025_048,38912,29184,none,0.0,1.0,core,2.6,1.0,grounded,51.0,alphaearth,2026-09-08T17:04:05.861996+00:00
025_048,38912,29696,none,0.0,1.0,core,2.6,1.0,grounded,47.3,alphaearth,2026-09-08T17:04:05.861996+00:00
025_048,38912,30720,none,0.0,1.0,core,5.7,1.0,grounded,39.2,alphaearth,2026-09-08T17:04:05.861996+00:00
025_048,38912,32256,none,0.0,1.0,core,11.4,1.0,grounded,24.3,alphaearth,2026-09-08T17:04:05.861996+00:00
025_048,39424,27648,crevasse,0.715225,1.0,core,0.0,1.0,grounded,107.2,alphaearth,2026-09-08T17:04:05.861996+00:00
025_048,39424,28160,crevasse,0.45647,1.0,core,0.0,1.0,grounded,79.0,alphaearth,2026-09-08T17:04:05.861996+00:00
025_048,39424,29184,none,0.0,1.0,core,2.6,1.0,grounded,41.6,alphaearth,2026-09-08T17:04:05.861996+00:00
025_048,39424,30720,none,0.0,1.0,core,7.2,1.0,grounded,28.1,alphaearth,2026-09-08T17:04:05.861996+00:00
025_048,39424,32256,none,0.0,1.0,core,12.8,1.0,grounded,15.8,alphaearth,2026-09-08T17:04:05.861996+00:00
025_048,39424,32768,none,0.0,1.0,core,14.9,1.0,grounded,15.2,alphaearth,2026-09-08T17:04:05.861996+00:00
025_048,39936,27136,crevasse,0.401451,1.0,core,0.0,0.562,grounded,84.9,alphaearth,2026-09-08T17:04:05.861996+00:00
025_048,39936,27648,crevasse,0.563213,1.0,core,0.0,1.0,grounded,71.3,alphaearth,2026-09-08T17:04:05.861996+00:00
025_048,39936,29696,none,0.0,1.0,core,2.6,1.0,grounded,26.7,alphaearth,2026-09-08T17:04:05.861996+00:00
025_048,39936,30208,none,0.0,1.0,core,5.1,1.0,grounded,21.1,alphaearth,2026-09-08T17:04:05.861996+00:00
025_048,40448,27136,crevasse,0.507504,1.0,core,0.0,1.0,grounded,82.9,alphaearth,2026-09-08T17:04:05.861996+00:00
025_048,40448,27648,crevasse,0.408569,1.0,core,0.0,1.0,grounded,58.6,alphaearth,2026-09-08T17:04:05.861996+00:00
025_048,40448,29696,none,0.0,1.0,core,2.6,1.0,grounded,19.2,alphaearth,2026-09-08T17:04:05.861996+00:00
025_048,40960,27136,crevasse,0.71109,1.0,core,0.0,1.0,grounded,94.1,alphaearth,2026-09-08T17:04:05.861996+00:00
025_048,40960,27648,crevasse,0.476978,1.0,core,0.0,1.0,grounded,60.4,alphaearth,2026-09-08T17:04:05.861996+00:00
025_048,41472,27136,crevasse,0.819336,1.0,core,0.0,1.0,grounded,127.6,alphaearth,2026-09-08T17:04:05.861996+00:00
025_048,41472,27648,crevasse,0.53418,1.0,core,0.0,1.0,grounded,79.8,alphaearth,2026-09-08T17:04:05.861996+00:00
025_048,41472,32256,none,0.0,1.0,core,16.2,1.0,grounded,15.5,alphaearth,2026-09-08T17:04:05.861996+00:00
025_048,41984,26624,crevasse,0.694202,1.0,core,0.0,0.875,grounded,337.5,alphaearth,2026-09-08T17:04:05.861996+00:00
025_048,41984,27136,crevasse,0.440197,1.0,core,0.0,1.0,grounded,155.4,alphaearth,2026-09-08T17:04:05.861996+00:00
025_048,41984,28672,none,0.0,1.0,core,2.6,1.0,grounded,43.1,alphaearth,2026-09-08T17:04:05.861996+00:00
025_048,41984,29184,none,0.0,1.0,core,3.6,1.0,grounded,30.3,alphaearth,2026-09-08T17:04:05.861996+00:00
025_048,41984,29696,none,0.0,1.0,core,5.7,1.0,grounded,23.6,alphaearth,2026-09-08T17:04:05.861996+00:00
025_048,41984,32768,none,0.0,1.0,core,19.5,1.0,grounded,34.2,alphaearth,2026-09-08T17:04:05.861996+00:00
025_048,41984,33280,none,0.0,1.0,core,21.9,1.0,grounded,39.9,alphaearth,2026-09-08T17:04:05.861996+00:00
025_048,42496,27136,none,0.0,1.0,core,2.6,1.0,grounded,212.7,alphaearth,2026-09-08T17:04:05.861996+00:00
025_048,42496,28160,none,0.0,1.0,core,2.6,1.0,grounded,56.5,alphaearth,2026-09-08T17:04:05.861996+00:00
025_048,42496,28672,none,0.0,1.0,core,3.6,1.0,grounded,42.9,alphaearth,2026-09-08T17:04:05.861996+00:00
025_048,42496,30208,none,0.0,1.0,core,9.2,1.0,grounded,19.6,alphaearth,2026-09-08T17:04:05.861996+00:00
025_048,42496,30720,none,0.0,1.0,core,11.4,1.0,grounded,15.5,alphaearth,2026-09-08T17:04:05.861996+00:00
025_048,42496,33280,none,0.0,1.0,core,22.9,1.0,grounded,41.3,alphaearth,2026-09-08T17:04:05.861996+00:00
025_048,43008,25600,none,0.0,1.0,core,2.6,0.688,grounded,847.7,alphaearth,2026-09-08T17:04:05.861996+00:00
025_048,43008,26112,none,0.0,1.0,core,2.6,1.0,grounded,774.9,alphaearth,2026-09-08T17:04:05.861996+00:00
025_048,43008,26624,none,0.0,1.0,core,2.6,1.0,grounded,636.9,alphaearth,2026-09-08T17:04:05.861996+00:00
025_048,43008,27136,none,0.0,1.0,core,3.6,1.0,grounded,351.0,alphaearth,2026-09-08T17:04:05.861996+00:00
025_048,43008,27648,none,0.0,1.0,core,5.1,1.0,grounded,163.9,alphaearth,2026-09-08T17:04:05.861996+00:00
025_048,43008,28160,none,0.0,1.0,core,5.1,1.0,grounded,84.5,alphaearth,2026-09-08T17:04:05.861996+00:00
025_048,43008,29184,none,0.0,1.0,core,7.2,1.0,grounded,33.0,alphaearth,2026-09-08T17:04:05.861996+00:00
025_048,43008,29696,none,0.0,1.0,core,9.2,1.0,grounded,26.8,alphaearth,2026-09-08T17:04:05.861996+00:00
025_048,43008,31232,none,0.0,1.0,core,14.9,1.0,grounded,23.1,alphaearth,2026-09-08T17:04:05.861996+00:00
025_048,43008,31744,none,0.0,1.0,core,17.2,1.0,grounded,35.1,alphaearth,2026-09-08T17:04:05.861996+00:00
025_048,43008,32768,none,0.0,1.0,core,21.9,1.0,grounded,46.4,alphaearth,2026-09-08T17:04:05.861996+00:00
025_048,43008,33280,none,0.0,1.0,core,24.2,1.0,grounded,35.2,alphaearth,2026-09-08T17:04:05.861996+00:00
025_048,43008,33792,none,0.0,1.0,core,26.4,1.0,grounded,25.1,alphaearth,2026-09-08T17:04:05.861996+00:00
025_048,43520,24576,none,0.0,1.0,core,2.6,1.0,grounded,255.3,alphaearth,2026-09-08T17:04:05.861996+00:00
025_048,43520,25088,none,0.0,1.0,core,2.6,1.0,grounded,786.3,alphaearth,2026-09-08T17:04:05.861996+00:00
025_048,43520,25600,none,0.0,1.0,core,3.6,1.0,grounded,883.1,alphaearth,2026-09-08T17:04:05.861996+00:00
025_048,43520,26112,none,0.0,1.0,core,5.1,1.0,grounded,823.9,alphaearth,2026-09-08T17:04:05.861996+00:00
025_048,43520,26624,none,0.0,1.0,core,5.1,1.0,grounded,743.6,alphaearth,2026-09-08T17:04:05.861996+00:00
025_048,43520,27136,none,0.0,1.0,core,5.7,1.0,grounded,533.3,alphaearth,2026-09-08T17:04:05.861996+00:00
025_048,43520,28160,none,0.0,1.0,core,7.7,1.0,grounded,175.6,alphaearth,2026-09-08T17:04:05.861996+00:00
025_048,43520,28672,none,0.0,1.0,core,8.1,1.0,grounded,83.7,alphaearth,2026-09-08T17:04:05.861996+00:00
025_048,43520,29184,none,0.0,1.0,core,9.2,1.0,grounded,54.6,alphaearth,2026-09-08T17:04:05.861996+00:00
025_048,43520,31232,none,0.0,1.0,core,16.4,1.0,grounded,37.6,alphaearth,2026-09-08T17:04:05.861996+00:00
025_048,43520,31744,none,0.0,1.0,core,18.5,1.0,grounded,45.7,alphaearth,2026-09-08T17:04:05.861996+00:00
025_048,43520,32256,none,0.0,1.0,core,20.6,1.0,grounded,65.3,alphaearth,2026-09-08T17:04:05.861996+00:00
025_048,43520,32768,none,0.0,1.0,core,22.9,1.0,grounded,41.0,alphaearth,2026-09-08T17:04:05.861996+00:00
025_048,43520,33792,none,0.0,1.0,core,27.6,1.0,grounded,28.7,alphaearth,2026-09-08T17:04:05.861996+00:00
025_048,44032,23552,none,0.0,1.0,core,2.6,1.0,grounded,20.0,alphaearth,2026-09-08T17:04:05.861996+00:00
025_048,44032,24576,none,0.0,1.0,core,3.6,1.0,grounded,41.5,alphaearth,2026-09-08T17:04:05.861996+00:00
025_048,44032,25088,none,0.0,1.0,core,5.1,1.0,grounded,371.5,alphaearth,2026-09-08T17:04:05.861996+00:00
025_048,44032,25600,none,0.0,1.0,core,5.7,1.0,grounded,796.9,alphaearth,2026-09-08T17:04:05.861996+00:00
025_048,44032,26112,none,0.0,1.0,core,7.2,1.0,grounded,851.6,alphaearth,2026-09-08T17:04:05.861996+00:00
025_048,44032,26624,none,0.0,1.0,core,7.7,1.0,grounded,801.3,alphaearth,2026-09-08T17:04:05.861996+00:00
025_048,44032,27136,none,0.0,1.0,core,8.1,1.0,grounded,687.8,alphaearth,2026-09-08T17:04:05.861996+00:00
025_048,44032,27648,none,0.0,1.0,core,9.2,1.0,grounded,505.8,alphaearth,2026-09-08T17:04:05.861996+00:00
025_048,44032,28672,none,0.0,1.0,core,10.6,1.0,grounded,171.1,alphaearth,2026-09-08T17:04:05.861996+00:00
025_048,44032,29184,none,0.0,1.0,core,11.4,1.0,grounded,123.4,alphaearth,2026-09-08T17:04:05.861996+00:00
025_048,44032,29696,none,0.0,1.0,core,12.8,1.0,grounded,108.8,alphaearth,2026-09-08T17:04:05.861996+00:00
025_048,44032,30208,none,0.0,1.0,core,14.5,1.0,grounded,89.9,alphaearth,2026-09-08T17:04:05.861996+00:00
025_048,44032,31232,none,0.0,1.0,core,18.1,1.0,grounded,79.9,alphaearth,2026-09-08T17:04:05.861996+00:00
025_048,44032,32256,none,0.0,1.0,core,22.0,1.0,grounded,88.0,alphaearth,2026-09-08T17:04:05.861996+00:00
025_048,44032,32768,none,0.0,1.0,core,24.2,1.0,grounded,51.6,alphaearth,2026-09-08T17:04:05.861996+00:00
025_048,44032,33280,none,0.0,1.0,core,26.4,1.0,grounded,28.1,alphaearth,2026-09-08T17:04:05.861996+00:00
025_048,44032,33792,none,0.0,1.0,core,28.6,1.0,grounded,33.2,alphaearth,2026-09-08T17:04:05.861996+00:00
